logFC,logCPM,F,PValue,FDR,gene,cluster,species,n_samples,analysis
-6.12583152644383,10.4157097917983,1214.17679717021,5.71778592066036e-34,2.7485396920614297e-30,Xist,0,P.man,12,my_clusters
-4.29819542850862,8.07889774471794,248.097959023444,1.57185647280656e-19,3.77795703239057e-16,Gm28040,0,P.man,12,my_clusters
-1.19353669711105,8.32374522668302,62.8769009388643,4.62664637618719e-10,7.4134297101106e-07,Tsix,0,P.man,12,my_clusters
1.00228417412308,8.36482463121805,48.9089288573532,1.08815119437484e-08,1.11135896995198e-05,Gtf2a2,0,P.man,12,my_clusters
-1.78193884898109,6.7216554366511,48.287157695712,1.15597978983979e-08,1.11135896995198e-05,Srrd,0,P.man,12,my_clusters
1.00611232155904,6.99599977879731,21.5676562043547,3.02676793958015e-05,0.0242494558092697,D830024N08Rik,0,P.man,12,my_clusters
0.838805921366061,7.73277660180008,19.9744258691164,5.15588675299787e-05,0.0354062108880868,Gm20536,0,P.man,12,my_clusters
-4.28683639763721,10.2162785539534,571.407707026974,9.77071104255218e-44,4.01478516738469e-40,Xist,3,P.man,11,my_clusters
1.43292979960153,8.40015905139174,57.6011340411295,1.5216958288527398e-11,3.12632408037795e-08,Gtf2a2,3,P.man,11,my_clusters
-1.91715914295951,6.81290547548266,26.4451320728721,1.27965744568437e-06,0.0017527041481057,Srrd,3,P.man,11,my_clusters
-1.40692126227364,7.19845494521307,22.9285247523254,5.67014922725609e-06,0.0058246607936988,Ogfod1,3,P.man,11,my_clusters
-2.16251013264627,6.78387846628991,21.5797280103605,9.78322399571971e-06,0.0080398534796824,Tubb2a,3,P.man,11,my_clusters
-5.11053039030235,9.6940719737081,598.052191492377,1.27405308932153e-28,5.604559539925391e-25,Xist,4,P.man,12,my_clusters
0.798081764357639,8.2605643935913,25.4648146340776,7.18324126242707e-06,0.0123885819159556,Dlgap1,4,P.man,12,my_clusters
0.774771483554217,8.27903263763165,24.9830141846215,8.44868055191335e-06,0.0123885819159556,Gtf2a2,4,P.man,12,my_clusters
2.82447067353155,5.82795805577734,23.7986070523553,1.20178526258447e-05,0.0132166334252727,4933412L11Rik,4,P.man,12,my_clusters
0.299206812202383,14.1534178942471,19.914039131844,5.03443080473243e-05,0.0384237578914663,Snhg11,4,P.man,12,my_clusters
1.02735293587286,7.2086091158036,19.8108093228914,5.24079443848142e-05,0.0384237578914663,Cald1,4,P.man,12,my_clusters
-4.3617480264137,9.44055948718456,649.934106524056,1.03626947689218e-38,6.1481868064013e-35,Xist,5,P.man,12,my_clusters
1.64393534489093,6.2209539592823,38.3603203832122,2.85360032252979e-08,8.46520535678462e-05,Lmo3,5,P.man,12,my_clusters
0.933785315478741,8.0304314489724,35.4296638543289,7.90456881364794e-08,0.0001563260225712,Gtf2a2,5,P.man,12,my_clusters
2.02655700817776,5.72434634859003,31.8378359347292,2.77298469323654e-07,0.0004113029546243,4933412L11Rik,5,P.man,12,my_clusters
-1.21400946628019,6.67889457679597,25.6226414948747,2.87989266889113e-06,0.0034172806409062,Srrd,5,P.man,12,my_clusters
-0.542039591709458,8.88903163102373,18.5843836558078,4.87858557700872e-05,0.0482410803806545,Mest,5,P.man,12,my_clusters
-5.50948757589405,9.89707817338736,1790.33030021082,7.07031906997948e-37,4.8438755948429495e-33,Xist,6,P.man,12,my_clusters
3.16896916918288,7.0626697388348,142.459419660473,1.5643911101771e-15,5.3588217479116595e-12,Dcn,6,P.man,12,my_clusters
1.52933960419092,8.54858169582964,136.098226887142,5.81148425359499e-15,1.32714928737931e-11,Tac1,6,P.man,12,my_clusters
1.27425808231607,7.8757373745084,76.8459790622914,3.7453473718629e-11,6.41484371115818e-08,Ecel1,6,P.man,12,my_clusters
0.961419086689689,8.14712801322855,46.7642311473554,2.11929801179144e-08,2.90386213575663e-05,Gtf2a2,6,P.man,12,my_clusters
0.767519854944544,8.60496157617835,34.3764397493864,5.6242778527322e-07,0.0006421987928178,Cck,6,P.man,12,my_clusters
0.813074986393896,7.81895473391222,32.3595972449836,1.0104690875974e-06,0.0009889605313042,Sh3bgrl,6,P.man,12,my_clusters
-1.37102483638242,6.2720762759119,29.2597215164039,2.57502683049136e-06,0.002205188601962,Srrd,6,P.man,12,my_clusters
0.573453383603992,9.16852323852521,28.1377737794242,3.63648550971004e-06,0.0025053139887061,Lrp1b,6,P.man,12,my_clusters
1.02704050087711,6.8948087670962,28.1277794108672,3.65685883623729e-06,0.0025053139887061,Arhgap6,6,P.man,12,my_clusters
0.352460007894342,13.7932469094691,27.1991762989729,4.88819980751815e-06,0.0027913020369699,Snhg11,6,P.man,12,my_clusters
1.62385304731386,5.80690544665369,27.1555049750012,4.88915843579609e-06,0.0027913020369699,Etl4,6,P.man,12,my_clusters
1.37370943672606,5.80592965184214,24.8999592296294,9.63852674070346e-06,0.0050795035923507,Prtn3,6,P.man,12,my_clusters
1.26041817355522,6.24848803325517,24.5156663540224,1.16486669119543e-05,0.0057003583581285,Unc13c,6,P.man,12,my_clusters
0.912624982352639,6.85729947464282,21.8307191882292,2.90155255889956e-05,0.0132523577206806,Egr1,6,P.man,12,my_clusters
-0.569745446240945,8.10512708329883,20.0148634546125,5.48173329183481e-05,0.0215260118603227,Olfm2,6,P.man,12,my_clusters
1.65821495576027,6.02684326886594,19.8711356987419,5.76396789142779e-05,0.0215260118603227,4933412L11Rik,6,P.man,12,my_clusters
-0.618521455164678,8.13367179549355,19.797114159594,5.92596662592748e-05,0.0215260118603227,Fstl5,6,P.man,12,my_clusters
-0.720269682556177,7.76987464006636,19.7766024704683,5.96984710766502e-05,0.0215260118603227,Tsix,6,P.man,12,my_clusters
1.01544271033622,6.98377084251484,19.3157824979925,7.05669206701532e-05,0.024172698675561,Sgcd,6,P.man,12,my_clusters
-1.5009237848727,5.20076633620791,18.5941418256224,9.19364472109051e-05,0.0297319641344077,Ppp1r35,6,P.man,12,my_clusters
1.06257349046781,7.04386934821368,18.4416789991237,9.70389014952122e-05,0.0297319641344077,D830024N08Rik,6,P.man,12,my_clusters
0.851866041640598,6.69033533271844,18.3661140586354,9.98153809796202e-05,0.0297319641344077,Traf3ip1,6,P.man,12,my_clusters
1.02902187823953,6.34709992125927,18.067260548908,0.0001115463003213,0.0311851382495618,Dock4,6,P.man,12,my_clusters
0.760499227543895,7.17036361484384,18.007905469905,0.0001137977603618,0.0311851382495618,Elmo1,6,P.man,12,my_clusters
0.612407112778592,7.56693835154679,17.6918466830969,0.0001279503556359,0.0337149187100734,Brinp3,6,P.man,12,my_clusters
0.680353796942303,7.30012517157398,17.5412793446744,0.000135364972119,0.0339988830075798,Ryr2,6,P.man,12,my_clusters
-0.486834375060946,8.89574974013,17.4706992224563,0.0001389532512351,0.0339988830075798,Sst,6,P.man,12,my_clusters
0.650517936397056,7.28359707472402,16.6463203491429,0.0001896716674385,0.0401947883708526,Jarid2,6,P.man,12,my_clusters
0.551145007122543,7.99909614792718,16.5578538763501,0.0001961338757034,0.0401947883708526,Prmt9,6,P.man,12,my_clusters
1.01815454087244,6.39852918092662,16.5019908767526,0.0001971456775323,0.0401947883708526,Cartpt,6,P.man,12,my_clusters
0.478224541267565,8.78865376297533,16.5243264932597,0.0001986449469915,0.0401947883708526,Adgrb3,6,P.man,12,my_clusters
-0.534957764716212,7.82387654264113,16.4388120967858,0.0002052391951291,0.0401947883708526,Slc6a15,6,P.man,12,my_clusters
0.399388748488679,9.21805007552518,16.4316743066911,0.0002057900967908,0.0401947883708526,9330162G02Rik,6,P.man,12,my_clusters
0.579592296626651,7.7981746850935,16.3819635517153,0.0002097490385924,0.0401947883708526,Sorbs2,6,P.man,12,my_clusters
1.1262596561639,5.87742799013995,16.359235141851,0.0002112118495622,0.0401947883708526,Sv2c,6,P.man,12,my_clusters
0.947752547105768,6.2528587568445,16.2086037929076,0.0002244974000439,0.0415684239919233,Ccdc148,6,P.man,12,my_clusters
-0.587386025928066,7.78379524746245,15.9589745850144,0.0002467488551483,0.0444862212268781,Crhbp,6,P.man,12,my_clusters
0.417831811407313,8.96867914122818,15.8105644579294,0.0002612504231901,0.0454004470440333,Grid2,6,P.man,12,my_clusters
-0.945528648914208,6.01252833131862,15.7768641080625,0.00026507340268,0.0454004470440333,Lrrc3b,6,P.man,12,my_clusters
-6.51833159286593,10.3576228138044,1119.85382292527,9.8896086884126e-35,4.09924280134702e-31,Xist,8,P.man,12,my_clusters
-1.33264373468221,8.12065786178497,53.3231792784543,3.0402967145584505e-09,6.30101494092239e-06,Tsix,8,P.man,12,my_clusters
1.47506075518814,6.88302813256304,29.5812341204319,1.93650318731809e-06,0.0026756019038111,D830024N08Rik,8,P.man,12,my_clusters
-0.607233684249505,14.4812395470024,28.4545776194141,2.76783212585701e-06,0.0028681660404193,Oxt,8,P.man,12,my_clusters
0.821545431654201,7.94344432153303,19.9928299320225,4.983486680952e-05,0.0413131045850921,Sh3bgrl,8,P.man,12,my_clusters
-4.96583765820665,9.98124188228514,699.261844923932,6.00071221602331e-27,3.1419729163098e-23,Xist,9,P.man,12,my_clusters
-1.27753870147122,7.69176775286255,45.6225759497853,4.21292691168094e-08,0.0001102944265478,Tsix,9,P.man,12,my_clusters
0.618994053474585,9.68086562977501,32.3521229078217,1.30991984758618e-06,0.002286246773987,Lrp1b,9,P.man,12,my_clusters
0.832708457487058,8.19461783290396,23.9106766206431,1.69202473877036e-05,0.022148603830504,Gtf2a2,9,P.man,12,my_clusters
-5.69028521330315,10.6875281461928,1090.09063145802,3.95861429432838e-33,2.16377857327989e-29,Xist,14,P.man,12,my_clusters
-1.26871458133395,8.27868957742197,53.4646233928031,3.52293490181234e-09,9.62818108665313e-06,Tsix,14,P.man,12,my_clusters
0.81002290321009,8.01720423152527,22.7653389005008,1.9623164725617e-05,0.0357534061300741,Gtf2a2,14,P.man,12,my_clusters
0.808280981704841,7.72088669292433,21.7334449375946,2.81060877346413e-05,0.0384069688893873,Sqle,14,P.man,12,my_clusters
-5.59921753875125,10.2799944393081,1231.18784422658,1.84835488741326e-32,1.11973339079495e-28,Xist,16,P.man,12,my_clusters
1.09497344257578,8.22935132824824,56.7875052854929,2.69278961771063e-09,5.85107867659917e-06,Gtf2a2,16,P.man,12,my_clusters
-1.65811262187221,6.80508763372225,56.4981613423042,2.8975298827661804e-09,5.85107867659917e-06,Srrd,16,P.man,12,my_clusters
1.21176805586253,6.87327055321146,38.7117905621582,1.98956109835918e-07,0.0003013190283464,D830024N08Rik,16,P.man,12,my_clusters
-0.665932113321883,8.50517622873227,33.9179200658218,7.37904904995891e-07,0.000894045582893,Tsix,16,P.man,12,my_clusters
1.86414100668736,5.66992882103756,26.7765742291626,6.12801837400185e-06,0.0061872558849505,4933412L11Rik,16,P.man,12,my_clusters
1.29414572265495,6.10581309436997,25.7917302705032,8.39602220297608e-06,0.0072661575008041,C1ql2,16,P.man,12,my_clusters
0.721827239814182,7.55576812283389,25.2938818766901,9.92021691153723e-06,0.0075120842562615,Sh3bgrl,16,P.man,12,my_clusters
0.81614128844298,7.58474904673486,23.881620757916,1.57097677701863e-05,0.0105744192390876,Adarb2,16,P.man,12,my_clusters
1.43154549548534,5.75884421096444,19.4076088839415,7.28481666896245e-05,0.0441314193805745,Gm26699,16,P.man,12,my_clusters
-6.03001094396224,10.424957317934,1101.0885861761,1.42873582873977e-36,5.94496978338618e-33,Xist,10,P.man,12,my_clusters
-1.05900846316534,7.81266556127733,32.1347129871955,6.54718486970978e-07,0.0013621418121431,Tsix,10,P.man,12,my_clusters
0.95490392267219,8.50943871584882,29.6220428996866,1.46833973472032e-06,0.002036587212057,Gtf2a2,10,P.man,12,my_clusters
1.07235079155353,7.69030658906781,21.1683130597801,2.76863148923966e-05,0.0288006890668155,Sst,10,P.man,12,my_clusters
-4.92923868036035,10.0873013555459,71.9531772962298,2.7307007147651304e-09,3.20038123770474e-06,Xist,23,P.man,9,my_clusters
-4.72002023927604,10.1485206051206,661.262573527361,8.356358547391891e-19,4.17400109442225e-15,Xist,12,P.man,10,my_clusters
1.23687476276113,8.23175516822281,42.1975059168975,1.08601887095706e-06,0.0027123321302152,Gtf2a2,12,P.man,10,my_clusters
-0.768204447301224,9.89948901875899,28.748162463212,1.73749624421817e-05,0.0289293124662325,Vgf,12,P.man,10,my_clusters
-2.12418616325329,6.35871452391795,25.4751074766248,3.23339911940592e-05,0.0403770715035814,Tubb2a,12,P.man,10,my_clusters
-6.43533279293514,10.3199940236713,1594.79160710099,2.80743842256947e-38,1.65358123089342e-34,Xist,21,P.man,12,my_clusters
-0.99633228306523,8.1961951204577,57.3772242256165,1.02567554695615e-09,3.02061448578587e-06,Tsix,21,P.man,12,my_clusters
1.00712746308157,8.37184085528689,43.7790844153316,2.95872860711294e-08,5.80897049863174e-05,Gtf2a2,21,P.man,12,my_clusters
-0.810529869393536,7.89280503506874,22.1106400222119,2.23781457891591e-05,0.0306348915896704,Sst,21,P.man,12,my_clusters
0.429384231189411,9.52479592527427,21.6886629713176,2.60058502459002e-05,0.0306348915896704,Lrp1b,21,P.man,12,my_clusters
-4.7537236009716,9.9238506243633,1482.10401525956,5.05313784818199e-34,3.87727267091004e-30,Xist,22,P.man,12,my_clusters
1.08921801683782,8.2442399263616,56.9768799727045,2.6389804408210903e-09,1.01244484612101e-05,Gtf2a2,22,P.man,12,my_clusters
-1.48925940223786,6.52467538926282,50.998108559063,9.938121932856681e-09,2.54184031969364e-05,Srrd,22,P.man,12,my_clusters
1.17731074853988,7.15545720157791,42.8496847715479,6.93879814649574e-08,0.0001331034954451,D830024N08Rik,22,P.man,12,my_clusters
2.0611307370583,5.29891699428827,32.7465860603959,9.85116432696831e-07,0.0015117596776165,Arl5b,22,P.man,12,my_clusters
-0.752009213579425,7.79098708878694,30.9789238969594,1.74027830883854e-06,0.0022255259106196,Tsix,22,P.man,12,my_clusters
1.08185268265808,6.26102278956031,21.2665023813398,3.81465019958362e-05,0.0383550623153069,Agfg1,22,P.man,12,my_clusters
1.63232465869087,5.18959457270269,20.9151539435982,4.13768997182889e-05,0.0383550623153069,Chdh,22,P.man,12,my_clusters
1.29703193636467,6.29143142113028,20.7919154775294,4.49883436514743e-05,0.0383550623153069,Gm26699,22,P.man,12,my_clusters
0.528553677427846,8.00782353103423,20.3695462314907,5.20169065426712e-05,0.0399125723901916,Ocrl,22,P.man,12,my_clusters
1.46728749690321,5.58188447847138,19.7064715870165,6.57273776518939e-05,0.0458478335202711,4933412L11Rik,22,P.man,12,my_clusters
-4.69155482078449,10.6225216335965,437.760501703781,8.52180991330459e-22,3.76323125771531e-18,Xist,26,P.man,11,my_clusters
1.11514175967441,9.42611122920385,49.8745064135773,2.62948672550131e-08,5.8059066899069e-05,Fos,26,P.man,11,my_clusters
1.55643057369724,8.14081096091621,44.8706845265643,7.9329869694183e-08,0.0001167735681898,Nts,26,P.man,11,my_clusters
-0.89120770416819,8.38473540048147,25.4479608699616,1.29210652591703e-05,0.014264856046124,Tsix,26,P.man,11,my_clusters
-5.95758194702956,10.0006906826609,1102.7479099751,1.1372374899404e-33,7.20553673626239e-30,Xist,1,P.man,12,my_clusters
0.850096575972274,8.30586113376289,34.4986515465271,4.51921196932787e-07,0.001431686351883,Gtf2a2,1,P.man,12,my_clusters
-1.44329663677442,6.60741165655785,28.4576395541364,2.8668617551988e-06,0.0060548120269798,Srrd,1,P.man,12,my_clusters
0.910479484836684,7.45506277605605,25.5352589306055,7.40417377836973e-06,0.0117282112649377,D8Ertd738e,1,P.man,12,my_clusters
-5.3378532750092,9.61002765299512,1297.52244412824,7.656101201290239e-36,6.23512881833077e-32,Xist,18,P.man,12,my_clusters
1.17481513636335,8.05286034139911,99.0286270748032,3.82050969910139e-13,1.55571154947408e-09,Gtf2a2,18,P.man,12,my_clusters
-1.51700201388272,6.5023139333829,53.3336012298728,2.8849141343164403e-09,5.89611942459347e-06,Srrd,18,P.man,12,my_clusters
2.27777952045916,5.63256460822388,52.7432881084656,2.8959329197413904e-09,5.89611942459347e-06,4933412L11Rik,18,P.man,12,my_clusters
1.09484406256434,6.89387797010784,45.0423397354522,2.25955494198018e-08,3.68036308949732e-05,D830024N08Rik,18,P.man,12,my_clusters
0.575817276062634,7.66815253814674,22.8448276376711,1.77034322483825e-05,0.0240294587051379,Sh3bgrl,18,P.man,12,my_clusters
-0.518553773424066,7.96643764628075,20.4139172126333,4.21019871740369e-05,0.0489826547921937,Tsix,18,P.man,12,my_clusters
-5.26463398730907,10.0003383605279,242.78153804272,1.16743479358538e-19,3.83735816651516e-16,Xist,13,P.man,11,my_clusters
1.49782485211015,8.50794692125628,38.3155968197171,1.78499621293768e-07,0.0002933641275963,Gtf2a2,13,P.man,11,my_clusters
-7.00094460906868,10.2477534827674,286.79950600771,3.30666518228864e-20,6.12063725241628e-17,Xist,7,P.man,9,my_clusters
-6.72618190493025,9.9434090653773,1402.82696467551,1.81041512116511e-29,1.51893828665752e-25,Xist,27,P.man,12,my_clusters
1.13112602041533,8.1116320259892,92.6651263544398,2.7369460088211697e-11,1.14814885070048e-07,Gtf2a2,27,P.man,12,my_clusters
-1.1912520811011,7.41466582015684,67.6032652505669,1.2502459576869802e-09,3.49652119499792e-06,Tsix,27,P.man,12,my_clusters
-1.30230502613639,6.36805698457045,44.0106828343416,1.24428226582958e-07,0.0002609882052577,Srrd,27,P.man,12,my_clusters
1.1925805219336,6.82408868843896,39.4630155064014,3.55498212178792e-07,0.000596526000036,D830024N08Rik,27,P.man,12,my_clusters
1.80275965086705,6.36697127082232,36.7605106778763,6.87868797873793e-07,0.0009618698690268,Gm26699,27,P.man,12,my_clusters
-2.64206648986619,4.28604729534395,24.9431168270179,1.48257291912562e-05,0.0177696954163771,Jpx,27,P.man,12,my_clusters
-1.03177925357161,6.01443269125414,21.9605848049517,4.13175341352587e-05,0.0433317639243526,Pla2g7,27,P.man,12,my_clusters
1.31372471785551,6.02659363456991,21.271002976719,5.33592409703043e-05,0.0497426701934281,4933412L11Rik,27,P.man,12,my_clusters
-4.76257856703048,9.55713632026165,620.842006694823,8.208067128805991e-25,7.5858956404425e-21,Xist,31,P.man,12,my_clusters
-2.07280717277852,6.37192850089819,89.1912289742442,2.0134598536510002e-11,9.30419798372129e-08,Tsix,31,P.man,12,my_clusters
-1.43922176612402,6.54913248131526,45.7549987053977,5.68445641039846e-08,0.0001751191538163,Srrd,31,P.man,12,my_clusters
1.76679831612314,5.8184318923037,36.4670286446485,4.68104255806753e-07,0.0010815548830415,Gm26699,31,P.man,12,my_clusters
1.05167178110413,7.00235948759305,33.328696273738,1.24884611839799e-06,0.0023083671652468,D830024N08Rik,31,P.man,12,my_clusters
1.77873614980821,5.49072927589007,30.2343328135655,2.64741761781978e-06,0.0040779056039817,4933412L11Rik,31,P.man,12,my_clusters
-1.8186402069883,5.70757485866701,29.1458748900809,3.60598921511878e-06,0.0047609360465896,Tubb2a,31,P.man,12,my_clusters
3.7218277675214,3.90035535048456,27.5977051469997,5.85780423166703e-06,0.0067672283386333,Mastl,31,P.man,12,my_clusters
0.580634007015882,7.71875009000749,22.9430499555667,2.6613072094633e-05,0.0273286680331775,Sh3bgrl,31,P.man,12,my_clusters
0.70674304568804,7.95586398231724,21.4244719654443,4.36427385951006e-05,0.040334619009592,Gtf2a2,31,P.man,12,my_clusters
0.547046244934501,7.74273287776626,21.0508284852854,4.94373441957654e-05,0.0415363577324786,Srbd1,31,P.man,12,my_clusters
-4.595360247365,10.2133636414878,926.989303599484,2.5178131181146e-42,1.03507297285691e-38,Xist,32,P.man,12,my_clusters
-1.73242229360827,6.94725279082351,34.2778442563005,1.37066871712383e-07,0.0002817409548048,Srrd,32,P.man,12,my_clusters
0.945005745877061,8.04999160637768,24.0337457902143,5.82798589994108e-06,0.0061060745636214,Nrxn3,32,P.man,12,my_clusters
0.879523856597055,8.194862805466,23.9840541490556,5.94120609449914e-06,0.0061060745636214,Ndst4,32,P.man,12,my_clusters
-0.559590859960653,9.95666217890954,22.2129453089468,1.18815692798975e-05,0.0097690262619317,Ebf1,32,P.man,12,my_clusters
1.64666725861563,6.55682017525583,20.9405970371069,1.96864806555842e-05,0.0134885203291845,D830024N08Rik,32,P.man,12,my_clusters
-5.79248862608568,9.95605806847043,1111.49257088418,8.703971525314511e-35,4.70797819804262e-31,Xist,33,P.man,12,my_clusters
1.37479892606763,8.29556361350148,101.262979853362,2.1102166989736e-13,5.70708106237409e-10,Gtf2a2,33,P.man,12,my_clusters
-1.5020235957766,6.76798694733346,37.0673376810023,1.86026772271298e-07,0.0003354062704051,Srrd,33,P.man,12,my_clusters
1.92980255902687,5.85983084711419,25.6049594055595,6.20955036497088e-06,0.0083968644810318,4933412L11Rik,33,P.man,12,my_clusters
0.639280863633737,8.17094308114845,20.430004015574,4.05723489595672e-05,0.0438911671044597,Prmt9,33,P.man,12,my_clusters
0.664575613147503,7.84565828898368,19.0419339823306,6.78165066562019e-05,0.0453947435965099,Sh3bgrl,33,P.man,12,my_clusters
0.849102271354089,7.25063476085401,19.009870163791,6.86729208329575e-05,0.0453947435965099,D830024N08Rik,33,P.man,12,my_clusters
0.362924073352708,10.446150655933,18.7265534239938,7.63287708393319e-05,0.0453947435965099,Zranb2,33,P.man,12,my_clusters
-0.577056097399433,8.56663876581679,18.4839196437991,8.36473988433863e-05,0.0453947435965099,Mest,33,P.man,12,my_clusters
0.887084411258576,7.2676485054431,18.4766522921141,8.39244658837306e-05,0.0453947435965099,Sgcd,33,P.man,12,my_clusters
-5.42320794974894,9.4340872268902,817.585702647089,6.29093488438106e-27,4.46845104837587e-23,Xist,25,P.man,12,my_clusters
0.996496088774042,8.08775914278498,46.8709124161419,4.37397552158018e-08,0.0001553417406489,Gtf2a2,25,P.man,12,my_clusters
-1.32803478208208,6.60136723355274,44.2813310709759,7.94744732842145e-08,0.0001881690612459,Srrd,25,P.man,12,my_clusters
-0.785629626175687,7.19291679956748,28.228028580722,5.23776064195514e-06,0.0084900658730656,Tsix,25,P.man,12,my_clusters
1.70738935291431,5.70189189245643,27.6501726012758,5.97639439185251e-06,0.0084900658730656,4933412L11Rik,25,P.man,12,my_clusters
1.01590095963095,6.8928950115221,26.087418727505,9.92866631737371e-06,0.0117538861420509,D830024N08Rik,25,P.man,12,my_clusters
-6.04415839528606,9.45987635254668,1274.71039624645,5.32310670828873e-31,4.49642823649149e-27,Xist,11,P.man,12,my_clusters
-1.19791764989956,6.99793693835494,47.8003982951505,3.50137562161925e-08,0.000147880599379,Tsix,11,P.man,12,my_clusters
0.826072566950421,8.078243518499,37.9155711594438,3.6857664217035e-07,0.0009776754318754,Gtf2a2,11,P.man,12,my_clusters
-2.15947059297308,6.18042517793226,36.4320873107311,4.62969305966815e-07,0.0009776754318754,Yjefn3,11,P.man,12,my_clusters
-1.25705075992959,6.67030940377174,30.8851418535783,2.41577595383258e-06,0.0040812118964047,Srrd,11,P.man,12,my_clusters
1.65881963406027,5.94002081717144,30.0088540540487,2.99904230696362e-06,0.0042221517278202,4933412L11Rik,11,P.man,12,my_clusters
1.04446154527046,7.01267632307037,25.8564771565454,1.05857515591665e-05,0.0127739776314685,D830024N08Rik,11,P.man,12,my_clusters
2.56253896388475,4.58897996901475,22.1559270833078,2.74637672521186e-05,0.0289983052473307,Gm38217,11,P.man,12,my_clusters
-0.599715996968924,8.28556948556756,21.6551372202317,4.01207401628635e-05,0.0376555435728564,Mest,11,P.man,12,my_clusters
-5.77633370519144,10.0393582096378,1518.48950391603,9.401659915525349e-33,6.03962632973349e-29,Xist,19,P.man,12,my_clusters
1.18497617807487,8.28209082776287,87.7071234243917,1.61552356206266e-11,5.18906168134526e-08,Gtf2a2,19,P.man,12,my_clusters
1.00586328072424,7.01730007326889,28.1599429221033,4.77369867067636e-06,0.0102220800868083,D830024N08Rik,19,P.man,12,my_clusters
-0.605470983617057,8.21473833527624,26.8474226093416,7.08640233590331e-06,0.0113807621514607,Tsix,19,P.man,12,my_clusters
-1.2926628514647,5.96545567450723,24.4608512983922,1.42113875850502e-05,0.0182587907692725,AC107763.1,19,P.man,12,my_clusters
0.791599013725377,6.87978587594149,22.096566342634,3.19536612462385e-05,0.0342117199743061,Gal,19,P.man,12,my_clusters
1.70602459016535,5.71822054732759,21.0871774727095,4.47100900019302e-05,0.0406738071907954,4933412L11Rik,19,P.man,12,my_clusters
1.39581941111849,5.61062188696286,20.5359471110925,5.06523128154364e-05,0.0406738071907954,Ecel1,19,P.man,12,my_clusters
-5.38766774499429,9.75583430531422,759.174112008212,1.01654150154073e-32,6.15922495783527e-29,Xist,30,P.man,12,my_clusters
1.11911838583721,7.96111230285349,48.8996802369011,5.00177361310234e-09,1.51528731608935e-05,Gtf2a2,30,P.man,12,my_clusters
-1.4359937832466,6.7652109202901,38.7519775601321,8.43508128544744e-08,0.0001703605250284,Srrd,30,P.man,12,my_clusters
-5.67535059101047,9.68360957826513,1502.89454413647,2.7627349534520398e-33,1.8001980956693498e-29,Xist,24,P.man,12,my_clusters
1.01411127288961,8.22679680695601,68.9782773185599,3.07292180000264e-10,1.00115792244086e-06,Gtf2a2,24,P.man,12,my_clusters
1.88897715965659,5.73878930292778,38.6774395459845,2.28376306027431e-07,0.0004960333366915,4933412L11Rik,24,P.man,12,my_clusters
-1.4216399973652,6.66438757906099,36.0949062166364,4.62858524796983e-07,0.0007539965368942,Srrd,24,P.man,12,my_clusters
0.773899480023954,7.46484809977369,34.0788361546798,8.00576761663647e-07,0.0010433116358,Sh3bgrl,24,P.man,12,my_clusters
0.930487982147332,7.0533359194016,27.6027800906323,5.26312167078047e-06,0.0057157501344675,D830024N08Rik,24,P.man,12,my_clusters
-0.678369405206991,7.55623495989554,26.596601270354,7.17371407790368e-06,0.0066777029902314,Vgf,24,P.man,12,my_clusters
0.684423248715511,7.18947581547248,24.9533488063135,1.2031193905342e-05,0.009799407435901,Brap,24,P.man,12,my_clusters
-0.486488622789276,8.60229876874082,20.7145124512066,4.88903512396524e-05,0.0337574562836439,Tsix,24,P.man,12,my_clusters
1.20573703907147,5.59612884880535,20.5532119573554,5.18070231486248e-05,0.0337574562836439,Memo1,24,P.man,12,my_clusters
-7.22393354439031,10.1320981754855,728.354364284565,7.52069719029069e-59,2.97293159932191e-55,Xist,35,P.man,11,my_clusters
1.31793929375224,8.35767340795182,37.8708439562156,7.243351979012511e-09,1.43164851865182e-05,Gtf2a2,35,P.man,11,my_clusters
-3.01417340929538,6.8376702519864,33.8515991402798,3.64054012072787e-08,4.79701836574576e-05,Tubb2a,35,P.man,11,my_clusters
-0.586728483058073,11.3976998869293,25.3436628927304,1.42546114584094e-06,0.0014087119773773,Gal,35,P.man,11,my_clusters
-1.64334507499819,7.07389262775437,20.1268011174999,1.47932073367381e-05,0.0116955097204251,Srrd,35,P.man,11,my_clusters
-0.92670132010491,8.36746047441146,18.3313458092148,3.39116562781931e-05,0.0223421295446163,Msi2,35,P.man,11,my_clusters
1.54418583581167,7.06368690247063,17.3885988663786,5.25599619026825e-05,0.0296813613430434,D830024N08Rik,35,P.man,11,my_clusters
-7.23275778415347,10.4666497174001,546.926878340349,1.0663121549244099e-33,2.6689793237758e-30,Xist,37,P.man,10,my_clusters
-1.85566352257897,7.99296735223501,22.2638110613781,1.38614826177014e-05,0.0173476454960532,Tsix,37,P.man,10,my_clusters
-5.92778099811651,10.2479126102066,743.433853996135,2.66895441128043e-32,1.86479844716164e-28,Xist,38,P.man,11,my_clusters
2.15285585750391,6.31373552979403,39.4235163107733,6.20893581536884e-08,0.0002169091727099,Gm26699,38,P.man,11,my_clusters
1.31303160785263,6.95832025104951,33.6988002964335,4.01131242233203e-07,0.0009342346631611,D830024N08Rik,38,P.man,11,my_clusters
0.9634352745318,9.07513273301029,32.5440766542996,5.74487713238873e-07,0.0010034864131,Grid2ip,38,P.man,11,my_clusters
-1.48951688719311,6.4233043375341,26.0964763345355,4.80098498457664e-06,0.0067073803319134,Srrd,38,P.man,11,my_clusters
0.860741466974494,8.10011443996569,25.5609161019318,5.75988006175482e-06,0.0067073803319134,Gtf2a2,38,P.man,11,my_clusters
-0.782506447852984,8.15711325613208,20.4366281482629,3.63453750448122e-05,0.0340112030026569,Tsix,38,P.man,11,my_clusters
0.951435896388645,7.1891294081101,20.2530299542076,3.89422676429448e-05,0.0340112030026569,Gm20754,38,P.man,11,my_clusters
-5.31334564104433,10.4737583609295,601.787218795437,1.0590005004890899e-33,3.11452047193842e-30,Xist,17,P.man,12,my_clusters
-1.72597635722535,8.50290040981546,46.0878777521572,4.8399343040777105e-09,7.11712339414627e-06,Penk,17,P.man,12,my_clusters
-0.543010874481746,11.2191238177566,20.0461567264103,3.30291255917074e-05,0.0323795527884038,Nnat,17,P.man,12,my_clusters
-5.80732924073952,10.5290779811244,473.822689256626,1.31295339292507e-26,8.024771137558041e-23,Xist,41,P.man,8,my_clusters
2.89377698884985,6.64473193600112,45.8512441018931,1.39908463880179e-08,4.27560265617828e-05,Gm26699,41,P.man,8,my_clusters
-2.49275118945731,6.59643816135318,28.5178746259308,2.39262052533335e-06,0.0048745655502791,Nrp2,41,P.man,8,my_clusters
2.07216994959379,6.73514980702233,25.3809855858081,6.93843223077277e-06,0.0099186165416405,D830024N08Rik,41,P.man,8,my_clusters
2.28584664496193,6.45784606401239,24.8918523283568,8.11405149021644e-06,0.0099186165416405,Gm26543,41,P.man,8,my_clusters
-5.80282570842482,9.89281475185947,1153.80338975714,5.48105010030133e-35,3.80439687461915e-31,Xist,2,P.man,12,my_clusters
1.28568657040574,8.3747915643377,98.0253703884333,3.95894121797189e-13,1.3739505496971402e-09,Gtf2a2,2,P.man,12,my_clusters
-0.826233801358797,10.504628810923,65.6770043696758,1.6525906634633202e-10,3.82354393169964e-07,Tac2,2,P.man,12,my_clusters
0.695185432213658,9.73574414421554,52.1978463934888,3.52347363067082e-09,6.11410761762154e-06,Lrp1b,2,P.man,12,my_clusters
2.35186116801428,6.05829025458315,49.5932453853587,5.300095180526611e-09,7.35759212960704e-06,4933412L11Rik,2,P.man,12,my_clusters
-1.09776493310558,9.17908765050448,47.4062303956673,1.16004855574525e-08,1.3419828375713e-05,Tac1,2,P.man,12,my_clusters
-1.53852449394364,6.40005550880208,43.1523185041121,3.53958787630216e-08,3.50975420705905e-05,Srrd,2,P.man,12,my_clusters
-0.975484521588081,7.63520749606765,41.5273157469829,5.47653036730077e-08,4.75157465992933e-05,Serpine2,2,P.man,12,my_clusters
0.970976663635689,7.63752195102554,38.7762901193207,1.17519334758494e-07,9.06335225065227e-05,Sgcd,2,P.man,12,my_clusters
0.814081313244326,7.93932211494617,30.4457343645248,1.39649812561364e-06,0.0009693093489884,Nrip1,2,P.man,12,my_clusters
-3.1575333233851,4.69237125269393,28.96929786593,1.8992371739478e-06,0.001198418656761,Jpx,2,P.man,12,my_clusters
-0.703681875820005,8.66568743525354,29.1402542499018,2.10697366064661e-06,0.0012187086815456,C130073E24Rik,2,P.man,12,my_clusters
1.05386164697866,6.5781604256457,27.1996245181391,3.94951686155979e-06,0.0021087381950835,Col25a1,2,P.man,12,my_clusters
-1.40646986342867,5.71583163054368,25.5050600220022,6.60646618227366e-06,0.0032753915550829,Trhde,2,P.man,12,my_clusters
-0.479245525150214,9.59065059269622,25.2296040539171,7.61809200686103e-06,0.0035251451079748,Grina,2,P.man,12,my_clusters
1.59848687506629,5.38822550104846,23.6179260187323,1.25978386535224e-05,0.0054650998808811,Slc10a4,2,P.man,12,my_clusters
1.47909852086522,5.51975258462141,22.3264958509245,1.95254072270317e-05,0.0079721089154604,Gm20754,2,P.man,12,my_clusters
-1.62957075535638,6.04662896919576,21.8294675155263,2.45235170056756e-05,0.0092309550597065,Tubb2a,2,P.man,12,my_clusters
-1.10077940280577,6.12855198921964,21.7837622116028,2.52684261827436e-05,0.0092309550597065,Npy1r,2,P.man,12,my_clusters
-0.594889439860599,8.47198447733462,21.4288724186457,2.86283930846461e-05,0.0099354838200264,Ntm,2,P.man,12,my_clusters
0.90548127381094,6.53608150347227,21.1077258169998,3.18244852316893e-05,0.0105187500949122,Map4k1,2,P.man,12,my_clusters
-1.07013589255356,5.98756814918266,20.8025081982342,3.59256918878647e-05,0.0113345557906213,Timp3,2,P.man,12,my_clusters
-0.536763687760396,8.32632203760569,20.4384329851631,4.09675910052391e-05,0.0123633064855376,Tsix,2,P.man,12,my_clusters
1.14700142169173,5.8731432677522,19.5859833875588,5.30010323770253e-05,0.0153283402387055,Abca7,2,P.man,12,my_clusters
0.856105464489686,7.24004937925925,19.1729207965456,6.53537013355602e-05,0.0169455580792095,D830024N08Rik,2,P.man,12,my_clusters
0.966815328046788,6.36101900683653,19.1247265619819,6.6218797563377e-05,0.0169455580792095,1700088E04Rik,2,P.man,12,my_clusters
0.326183950202851,14.1668388043221,19.0932717358927,6.72873143425173e-05,0.0169455580792095,Snhg11,2,P.man,12,my_clusters
0.912505416299101,6.74814398081239,18.9785086401069,7.02138264161047e-05,0.0169455580792095,Prcd,2,P.man,12,my_clusters
1.10584687565216,6.05419059182342,18.8994344400508,7.12125452490775e-05,0.0169455580792095,Gm44438,2,P.man,12,my_clusters
-0.985465953661926,6.24516346874082,18.8707646937806,7.32411385068845e-05,0.0169455580792095,Col11a1,2,P.man,12,my_clusters
-0.597731907558866,9.95696089724113,18.2913069181459,9.09521751591658e-05,0.0203644854122506,Gal,2,P.man,12,my_clusters
-0.997983477906409,6.04529432509028,18.0476985681594,9.99244945294031e-05,0.0216742473915183,Cadps2,2,P.man,12,my_clusters
0.625254359084871,7.45912996963848,17.8464285910193,0.0001077853492118,0.022190354789227,Unc5d,2,P.man,12,my_clusters
0.998184930042192,6.02890666947675,17.7663710417397,0.000108697891202,0.022190354789227,Memo1,2,P.man,12,my_clusters
0.457604963871287,8.83404456265656,17.4106478330882,0.0001272585800754,0.0252371944086681,Chl1,2,P.man,12,my_clusters
1.27476829506272,5.40396834519866,17.1037255137708,0.0001369656754805,0.0261881380064612,Gm42609,2,P.man,12,my_clusters
-1.00544701091922,5.93029963839865,17.167802373639,0.0001395996407202,0.0261881380064612,Ak5,2,P.man,12,my_clusters
-0.510864339968878,8.39109813106227,16.5096979687626,0.0001804276098915,0.0329565273751919,Zmynd8,2,P.man,12,my_clusters
0.552300331624951,8.18200004990577,16.3690574750056,0.0001906591844833,0.0339324461410036,Dlgap1,2,P.man,12,my_clusters
1.19127117468609,5.94884788652967,16.2505502889856,0.000199818469491,0.034238134866519,Gm26699,2,P.man,12,my_clusters
1.84105943678911,4.86175199175552,16.1301738832559,0.000202242260413,0.034238134866519,Gm24336,2,P.man,12,my_clusters
-0.637680646911081,7.20014296525742,15.9393962872907,0.0002258583924211,0.0373257881379786,Dlk1,2,P.man,12,my_clusters
0.489504113174868,8.21328952749103,15.8491714662587,0.0002339395352587,0.0377621933542128,Prmt9,2,P.man,12,my_clusters
-0.995191581447818,6.10226375719154,15.3301376775885,0.0002847218903172,0.0439284849183552,Grp,2,P.man,12,my_clusters
0.401941730673845,9.46124848138756,15.3204629963304,0.0002886259760196,0.0439284849183552,Ntng1,2,P.man,12,my_clusters
-0.915701249969404,6.11913257475843,15.2501851544768,0.0002971405648251,0.0439284849183552,Epha4,2,P.man,12,my_clusters
-0.898685920849384,6.10583875145987,15.2094580528921,0.0003006658120257,0.0439284849183552,Gm16054,2,P.man,12,my_clusters
-1.09948835516741,5.69747363127139,15.1171163886208,0.0003037843648006,0.0439284849183552,Reln,2,P.man,12,my_clusters
0.93256775560283,6.12638736823603,15.0124783798589,0.0003192582425813,0.0452239073828059,1500009L16Rik,2,P.man,12,my_clusters
0.841790737925943,6.26059282584144,14.9285575240724,0.0003353976999629,0.046559908708852,Tet2,2,P.man,12,my_clusters
0.46254863274849,8.57575882123177,14.8871874834124,0.0003434609223433,0.0467443580781365,Hmgn3,2,P.man,12,my_clusters
-6.31666584564396,9.76684518307288,1159.50569655558,1.1815673115785601e-46,6.22449659739586e-43,Xist,34,P.man,12,my_clusters
-2.14676167804823,6.73512500454232,57.4261285428882,8.955812855229289e-11,2.35896110606739e-07,Srrd,34,P.man,12,my_clusters
0.980556596642289,8.25955093737128,39.9983448812719,1.84507810398914e-08,3.23995715060492e-05,Gtf2a2,34,P.man,12,my_clusters
-0.757830054005801,8.15335764298366,25.837705708371,2.78928860120326e-06,0.0033539721395981,Tsix,34,P.man,12,my_clusters
0.771470987890396,8.15338209520857,25.49364980669,3.1833448553513e-06,0.0033539721395981,Prmt9,34,P.man,12,my_clusters
1.77417210768346,6.09867834910426,21.8194542667524,1.31514918030034e-05,0.011547009803037,4933412L11Rik,34,P.man,12,my_clusters
1.01139934156794,6.91488788130746,20.5120904572163,2.27563385213738e-05,0.0171257701900853,Cald1,34,P.man,12,my_clusters
0.719360962859161,7.81678550430883,19.6500118924711,3.23785949649211e-05,0.0212014689210159,Sh3bgrl,34,P.man,12,my_clusters
1.06562166755428,7.06695577473975,19.3742892899844,3.62211883616445e-05,0.0212014689210159,D830024N08Rik,34,P.man,12,my_clusters
0.579756554894021,10.0166967506414,18.5805551197847,5.04028876953864e-05,0.0265522412379296,Penk,34,P.man,12,my_clusters
-0.877765899677954,7.20243044195236,17.5889387372686,7.64661243561265e-05,0.036620322100734,Col11a1,34,P.man,12,my_clusters
-0.696656745269417,7.76427664176294,16.816423155758,0.0001061727054219,0.0466098176802384,Dnajc2,34,P.man,12,my_clusters
-5.77139591134103,10.2696152012211,859.533944385583,2.0854168465993798e-33,9.015257027849109e-30,Xist,28,P.man,12,my_clusters
-1.62404074958503,6.96393655800684,30.5747351275797,1.12193323989954e-06,0.0024250586980428,Srrd,28,P.man,12,my_clusters
0.856884323438438,8.37130230717348,23.1127113056608,1.40877053421064e-05,0.0203003833979753,Gtf2a2,28,P.man,12,my_clusters
-0.686447516570906,8.71168790023522,21.528832401412,2.49502248371124e-05,0.0269649554927093,Tsix,28,P.man,12,my_clusters
-5.82530161026839,9.71511020432517,1153.31168519054,2.73394234650352e-34,1.84814502623638e-30,Xist,29,P.man,12,my_clusters
0.875250543770621,7.98598307299366,40.248495331844,8.70556574840239e-08,0.0002270549871274,Gtf2a2,29,P.man,12,my_clusters
-1.09585986586228,7.38114028265183,39.7237993057006,1.00764047541777e-07,0.0002270549871274,Tsix,29,P.man,12,my_clusters
-1.21289795486021,6.65043701301657,31.6315643353046,1.04775365079186e-06,0.0017707036698382,Srrd,29,P.man,12,my_clusters
1.84508484160361,5.9788364215905,26.4234783412367,5.36613860660106e-06,0.0072550193961246,4933412L11Rik,29,P.man,12,my_clusters
0.609724931924078,9.19995762445102,23.7108830080562,1.35278537076391e-05,0.0152413818439401,Tcf7l2,29,P.man,12,my_clusters
-4.70861321277289,10.2533219182259,621.187503929492,1.5159712261576402e-31,1.18685387295882e-27,Xist,39,P.man,12,my_clusters
-0.935270360202466,7.70372196175675,43.72822883574,1.6608955161519e-08,6.50157549797663e-05,Tsix,39,P.man,12,my_clusters
1.84151289395829,5.93930656824021,36.9806560889035,1.1532884920749e-07,0.0003009698534818,Gm26699,39,P.man,12,my_clusters
2.09549851082665,5.40541769765435,35.8343811752753,1.7649503809492e-07,0.0003454449133112,Chdh,39,P.man,12,my_clusters
0.744508748079682,8.25528114066672,33.954157326946,3.10250383015017e-07,0.0004857900497249,Gtf2a2,39,P.man,12,my_clusters
-1.18380391199195,6.43780735303388,24.9847242733891,6.20672108246199e-06,0.0080987365590991,Srrd,39,P.man,12,my_clusters
-0.505107282488736,9.3690578416824,23.7783206129587,9.69130683723813e-06,0.0108390344612482,Arhgap21,39,P.man,12,my_clusters
-0.747303782470767,7.34349617094338,22.5066270538264,1.54206165044054e-05,0.0150910008266238,Mest,39,P.man,12,my_clusters
0.927381793683636,6.52395761454707,19.6227068469627,4.55952402899528e-05,0.039662792914449,Tmem237,39,P.man,12,my_clusters
-6.14204426275468,10.2127568577227,1181.48660182052,8.70491231484396e-29,7.57675567884018e-25,Xist,44,P.man,8,my_clusters
-3.10884108431636,6.85450241581928,163.773966194968,7.66751639670435e-15,3.3369031358457297e-11,Tsix,44,P.man,8,my_clusters
2.18458329853862,6.19511678954996,66.5059363688878,1.05087535179543e-09,3.04893968734247e-06,Gm26699,44,P.man,8,my_clusters
-2.77293116671659,5.66746000792804,56.5672312274615,5.067626018246891e-09,1.10271542157052e-05,Tubb2a,44,P.man,8,my_clusters
0.88017886092658,7.9920564870465,40.2790660535804,2.56757545009951e-07,0.0004469635343533,Gtf2a2,44,P.man,8,my_clusters
1.5893548217101,6.09886847450406,38.3492706560676,4.12452726745995e-07,0.0005983314222661,D830024N08Rik,44,P.man,8,my_clusters
-1.52359278072835,6.06297738962386,37.2876172386126,5.34386365690372e-07,0.0006644712752812,Pacsin2,44,P.man,8,my_clusters
-1.48054933508462,6.48025018168854,34.6849682075031,1.03490586201564e-06,0.001125977577873,Srrd,44,P.man,8,my_clusters
-6.09796075175883,4.12946478300853,33.0249880687022,2.1599506841153e-06,0.0020889123060599,Naip6,44,P.man,8,my_clusters
0.78986966577806,9.74994520804735,27.3367623378028,7.78024101845362e-06,0.006771921782462,Grid2ip,44,P.man,8,my_clusters
1.68017227089799,5.74629010630963,22.6058811059574,3.11691775801469e-05,0.0246633201506908,Rcsd1,44,P.man,8,my_clusters
0.76149603338,7.30877505923771,21.9528772307698,4.03684462092559e-05,0.029280579650447,Srgap2,44,P.man,8,my_clusters
0.780192492269981,7.35828792994941,21.2662297717466,5.03999508151546e-05,0.0312567786637615,Col4a4,44,P.man,8,my_clusters
-0.9954222394969,6.65489329155404,21.1629745193531,5.21965540476228e-05,0.0312567786637615,Cpne4,44,P.man,8,my_clusters
0.712422665629215,8.07596314634571,21.0618492458171,5.38662316126404e-05,0.0312567786637615,Mir99ahg,44,P.man,8,my_clusters
0.51200017644856,9.02767239000948,20.5310874386828,6.41211467277079e-05,0.0348819038198731,Ptgds,44,P.man,8,my_clusters
-4.75037680649851,10.1923621822892,322.298944856274,9.38466457651636e-43,3.48264902434522e-39,Xist,47,P.man,9,my_clusters
-8.38797173437523,8.93534411085613,138.046394963897,3.22481185346048e-24,5.9836383940959205e-21,Pmch,47,P.man,9,my_clusters
-2.29572598091482,7.67244216840566,29.8972670082257,1.42030174691902e-07,0.0001756913260938,Srrd,47,P.man,9,my_clusters
-2.70171797989745,7.15473781761346,19.8688824305907,1.41577693139317e-05,0.0131348704810001,Htr2c,47,P.man,9,my_clusters
2.19503576921445,7.35054446230807,19.3899037899055,1.77360050068769e-05,0.013163662916104,Pld5,47,P.man,9,my_clusters
-2.68634399252725,7.21543274607978,18.8321841212158,2.30299723658413e-05,0.0142440379082729,Cartpt,47,P.man,9,my_clusters
-6.63667164932422,10.4694219743698,509.555896768005,4.1096139376763097e-41,1.03315694393182e-37,Xist,15,P.man,11,my_clusters
-6.40713274479763,10.4723186284455,1121.7765754915,2.25857120450088e-29,1.06694903700621e-25,Xist,0,P.pol,12,my_clusters
-3.62913030190037,8.05168017538946,228.951290579123,3.3035306120834697e-18,7.80293930574116e-15,Gm28040,0,P.pol,12,my_clusters
-1.44803935090728,8.24454673956477,57.7373882751209,4.5402487888256605e-09,7.14937842613747e-06,Tsix,0,P.pol,12,my_clusters
-1.28827661701676,8.86726805228255,29.4247067304877,3.75926144578753e-06,0.004439687767475,Nfic,0,P.pol,12,my_clusters
-6.11136586920878,10.105146670703,442.685524833479,1.16914086096942e-28,3.3893393559503504e-25,Xist,3,P.pol,11,my_clusters
-4.223174163285,9.4487666738782,403.878178752234,1.03095295505156e-28,4.256804751407891e-25,Xist,4,P.pol,12,my_clusters
-6.18913564302094,9.31690093496281,621.553572166295,2.2219345784256097e-28,1.06741737147566e-24,Xist,5,P.pol,12,my_clusters
-1.22991813747426,7.09887750725878,27.9650344154247,3.96705885477969e-06,0.0095288753691808,Tsix,5,P.pol,12,my_clusters
-6.11034376196766,9.88383783271077,1346.57185391532,1.0560033672753699e-40,6.22725185682283e-37,Xist,6,P.pol,12,my_clusters
3.30446761127321,7.79598369162089,176.110822460657,6.79317028062691e-19,2.00296625724284e-15,Dcn,6,P.pol,12,my_clusters
-1.1448746234452,9.57663688909709,110.889590556845,7.13079670834538e-15,1.4016769396370898e-11,Sst,6,P.pol,12,my_clusters
1.26077844541516,8.79335268507625,90.7250692009316,2.69167443357591e-13,3.96820103369928e-10,Cck,6,P.pol,12,my_clusters
-1.12166165965024,8.24519824048127,60.3806340263299,1.8921699130232401e-10,2.23162519541961e-07,Crhbp,6,P.pol,12,my_clusters
1.43195021673209,7.49418082368166,54.8885725704906,7.49160662687311e-10,7.36300071311179e-07,Ecel1,6,P.pol,12,my_clusters
0.485903473006421,13.7148582020599,50.3537776626465,2.4482977879643703e-09,2.06251600794655e-06,Snhg11,6,P.pol,12,my_clusters
-0.962660311977357,7.67919250275797,40.6402325405908,3.76240963430266e-08,2.77336620168535e-05,Tsix,6,P.pol,12,my_clusters
0.922555492714944,8.08612752516339,35.9878559383654,1.54511647547911e-07,0.0001012394650655,Brinp2,6,P.pol,12,my_clusters
-1.16975203586599,8.26930558435537,22.9235001802362,1.28203472312295e-05,0.007560158762256,Nfic,6,P.pol,12,my_clusters
0.682217454730222,8.23332044281231,21.0842018830127,2.54700335334888e-05,0.0136542534315439,Galntl6,6,P.pol,12,my_clusters
0.52358129409537,9.45860612244775,20.2907371990049,3.44450968362782e-05,0.0163886653837638,Lrp1b,6,P.pol,12,my_clusters
-1.10532277035851,6.2558092144626,20.1683148193167,3.61289893147242e-05,0.0163886653837638,Serpinb1a,6,P.pol,12,my_clusters
0.901945234423362,7.05403966423944,18.3578682601615,7.30442104716258e-05,0.0307672649393698,Crim1,6,P.pol,12,my_clusters
0.736488272575965,7.64118975913788,18.1192766431388,8.02120004415803e-05,0.0315340111069333,Nrip1,6,P.pol,12,my_clusters
-0.386656858789085,9.95252775718161,17.5695445510232,9.97935991713459e-05,0.033468022664499,Pcdh9,6,P.pol,12,my_clusters
0.621301441403154,8.10060380232499,17.3741600517349,0.0001079127231728,0.033468022664499,Lpcat4,6,P.pol,12,my_clusters
1.23702967167486,6.27079222413455,17.3386721631656,0.0001094635506388,0.033468022664499,Tmtc1,6,P.pol,12,my_clusters
-0.687838547204744,7.50409144509146,17.292908125643,0.0001114982691978,0.033468022664499,Car10,6,P.pol,12,my_clusters
-0.460890308199684,9.62080560185681,17.1983060121225,0.0001158013118092,0.033468022664499,Ptgds,6,P.pol,12,my_clusters
0.976522644478732,6.80526095137669,17.1291811169311,0.0001191840725715,0.033468022664499,Sgcd,6,P.pol,12,my_clusters
-0.89265367375257,6.58920647939564,16.3305319880514,0.0001646434068911,0.0432384678965969,Tmed3,6,P.pol,12,my_clusters
-1.27123303585537,5.97411231037082,16.2050642887654,0.0001733062804028,0.0432384678965969,Npy,6,P.pol,12,my_clusters
0.510460483566079,8.95476899487023,16.1654654907685,0.0001759747718362,0.0432384678965969,Tac1,6,P.pol,12,my_clusters
1.08791202420618,6.35552383136285,15.8428334894096,0.000201073836859,0.0474292966383029,Cnksr2,6,P.pol,12,my_clusters
-5.03998825421993,10.5824702546935,679.680570615971,5.64864531908372e-34,1.79005570161763e-30,Xist,8,P.pol,10,my_clusters
-1.1629797284562,13.803654195437,129.694143641035,1.68659689231414e-16,2.67241277587176e-13,Oxt,8,P.pol,10,my_clusters
-2.02827809741144,8.1058549772349,59.8433624420238,1.56044912600689e-10,1.64835442677195e-07,Tsix,8,P.pol,10,my_clusters
0.548762960169871,14.0632207408244,27.7346108377661,2.06955560223402e-06,0.0014666206489323,Snhg11,8,P.pol,10,my_clusters
-1.11019074456971,9.67436486385514,27.4172629024638,2.31401175281211e-06,0.0014666206489323,Nfic,8,P.pol,10,my_clusters
-0.605156056591253,9.84757220360341,19.6004181897153,4.21221470499864e-05,0.0222475140002345,Ptprd,8,P.pol,10,my_clusters
-0.847887278309187,8.71373454314394,18.3282962642404,6.9690095124011e-05,0.0315497016354273,Nosip,8,P.pol,10,my_clusters
-6.2060166577719,9.93025481516625,1142.12765689944,3.27445735774558e-33,1.53375582636803e-29,Xist,9,P.pol,12,my_clusters
-1.49473033409804,7.56131862986858,52.3586607230339,5.6116587725833505e-09,1.31425048453902e-05,Tsix,9,P.pol,12,my_clusters
0.362699863041695,13.9505570572635,30.9278295545054,1.54468595713695e-06,0.0024117696744098,Snhg11,9,P.pol,12,my_clusters
-1.30522236520756,8.98825274176272,27.8439663407584,3.98676096215506e-06,0.0046684970866835,Nfic,9,P.pol,12,my_clusters
0.566898670820741,9.79825149353085,23.628601984217,1.56742070505694e-05,0.0146835971649734,Lrp1b,9,P.pol,12,my_clusters
1.47787632529342,6.46743022254367,21.4266037562128,3.27993377567434e-05,0.025605349675431,Adarb2,9,P.pol,12,my_clusters
-0.726130860072754,8.28800567302713,19.9707201811606,5.56775010047171e-05,0.0372562021008707,Syt5,9,P.pol,12,my_clusters
-6.03950658398573,10.7868076531612,1480.85627469441,8.50650263214382e-49,4.34342024397264e-45,Xist,14,P.pol,12,my_clusters
-2.23048733500446,8.06567469474924,137.745693033666,3.77472103408628e-18,9.636862800022272e-15,Tsix,14,P.pol,12,my_clusters
0.555067195514855,12.8298786410158,45.4589074613602,3.78428861490004e-09,5.76842996865181e-06,Snhg11,14,P.pol,12,my_clusters
-1.25895705407276,8.6958488684208,44.8888084957146,4.51894239612363e-09,5.76842996865181e-06,Nfic,14,P.pol,12,my_clusters
0.695317529160155,8.85786670745204,24.1905539710958,5.62730064282425e-06,0.0057465994164521,Pde10a,14,P.pol,12,my_clusters
-0.541652195449899,9.97047485354522,19.9082656873298,3.05703028412963e-05,0.0260153277179432,Ptgds,14,P.pol,12,my_clusters
0.931664903522156,7.76183954262023,19.1980822453166,4.08646405380465e-05,0.0298078363696093,Rgs16,14,P.pol,12,my_clusters
-5.75234425193661,10.0908495111171,1283.29189037089,1.97518604373778e-35,1.2560208052128501e-31,Xist,16,P.pol,12,my_clusters
-1.10060910945343,9.03482668952287,28.3003214859782,2.92387881874396e-06,0.0092964727041964,Nfic,16,P.pol,12,my_clusters
0.792971655031415,7.29789185796799,23.2486087537135,1.57104825615237e-05,0.0333009862029096,Brinp2,16,P.pol,12,my_clusters
-5.55937792763951,10.3896649875411,794.350449974783,7.037643852465859e-30,3.15145691713421e-26,Xist,10,P.pol,12,my_clusters
-1.26844735255207,7.94178177430786,43.6704686902788,4.2392726506294e-08,9.49173146475923e-05,Tsix,10,P.pol,12,my_clusters
-0.830649334615361,8.93874730449088,25.0987511604044,9.25564860459605e-06,0.0138155981504604,Nosip,10,P.pol,12,my_clusters
2.75549461174756,10.8476757264909,60.4815186025518,1.28823932378496e-10,1.3874337517164e-07,Mbp,23,P.pol,9,my_clusters
-3.28441089583257,9.45221117564431,45.1929185336205,7.52829784419292e-09,4.05398838909789e-06,Xist,23,P.pol,9,my_clusters
2.78078235238342,8.95204439776738,16.804803537342,0.0001249576996864,0.0448598141874449,Igfbpl1,23,P.pol,9,my_clusters
-4.98905937641881,9.8820818571497,403.757497810869,7.12498703585082e-21,2.11540865094411e-17,Xist,12,P.pol,12,my_clusters
-6.16324455542484,10.1925630377156,1271.55256078263,2.78194560028158e-37,1.67862597520991e-33,Xist,21,P.pol,12,my_clusters
-1.22688043391744,8.01110811779915,58.2411287607704,6.07562760953609e-10,1.83301684979704e-06,Tsix,21,P.pol,12,my_clusters
-0.905410065591926,8.58414392443448,34.8702865987894,3.04027881858091e-07,0.0006115014130439,Tac1,21,P.pol,12,my_clusters
0.615773128929721,9.54061612914038,31.0823356047048,9.84122243683462e-07,0.0014845484045965,Lrp1b,21,P.pol,12,my_clusters
-1.25857480905519,6.34043997942865,23.3332755367112,1.32645215009743e-05,0.0160076245473758,Sgta,21,P.pol,12,my_clusters
-5.2357938133157,9.88960483656373,1144.27138191048,1.07103168332909e-32,7.58076225460327e-29,Xist,22,P.pol,12,my_clusters
-0.926031394557552,7.61529893890514,44.0884750236518,4.19357175048213e-08,0.0001484105042495,Tsix,22,P.pol,12,my_clusters
0.657502957588029,8.11244766781367,25.964521544593,7.31883535145479e-06,0.0172675722058657,Tmod2,22,P.pol,12,my_clusters
-6.24458428373258,10.5607884223041,494.171320292015,2.87156792663895e-27,1.0291699449074e-23,Xist,26,P.pol,11,my_clusters
-1.35506908670656,9.94178181201013,37.8686447273954,1.49167899771904e-07,0.0002673088763912,Cartpt,26,P.pol,11,my_clusters
1.43440452115473,8.22351332095588,29.1754684137821,2.06546588591726e-06,0.0024675432450424,Junb,26,P.pol,11,my_clusters
-1.20344514089308,8.86578297558294,28.1571499892496,2.86564502393719e-06,0.0025676179414477,Nts,26,P.pol,11,my_clusters
-1.24042863152718,8.38738696818759,25.7323994595326,6.38262985397283e-06,0.0045750690793277,Tsix,26,P.pol,11,my_clusters
1.29520210127098,7.7343213129036,19.1351071940382,6.59566598265343e-05,0.0393981114697165,Htr2c,26,P.pol,11,my_clusters
0.45710112246059,13.8468892884742,18.3671512987021,8.78681639794531e-05,0.04498849995748,Snhg11,26,P.pol,11,my_clusters
-5.90936001503496,10.0923447818152,1046.40451714896,5.07527072187828e-33,2.3224438823315e-29,Xist,1,P.pol,12,my_clusters
-4.8358381228627,8.21152834669062,119.161326546164,5.30931097612535e-14,1.21477035133748e-10,Gnrh1,1,P.pol,12,my_clusters
-1.17665214520575,8.23843730967536,53.7160123512128,3.28960741618787e-09,5.0177478454919e-06,Tsix,1,P.pol,12,my_clusters
-1.23444486575736,8.58437766495239,27.6367573111759,3.8771994436524e-06,0.0044355161635383,Nfic,1,P.pol,12,my_clusters
0.321227555928218,13.6097114837866,22.2908190996528,2.30486608463745e-05,0.021094134406602,Snhg11,1,P.pol,12,my_clusters
-0.556098707961093,10.0378089595053,21.1816692973733,3.4068085169775e-05,0.0259825929561484,Ptgds,1,P.pol,12,my_clusters
-5.29608158064695,9.45650898395632,1052.65635085783,4.4287408558691e-27,3.0111009079054e-23,Xist,18,P.pol,12,my_clusters
-4.94753005788695,9.6424855015904,616.218094153511,3.5725909351499194e-30,1.45547354698008e-26,Xist,13,P.pol,12,my_clusters
0.741821950323093,9.92760062525452,40.5014179346513,5.46016072129449e-08,0.0001112234738927,Lrp1b,13,P.pol,12,my_clusters
0.332859508487271,14.0269943376422,23.1741344359558,1.35681065616348e-05,0.0184254887107001,Snhg11,13,P.pol,12,my_clusters
-4.92371892394172,10.3058583057473,147.930977487519,5.48046212536364e-14,1.29393710779835e-10,Xist,7,P.pol,9,my_clusters
1.96921809439843,9.98303045308015,33.7015445835217,1.61890147223764e-06,0.0019111131879765,Tac1,7,P.pol,9,my_clusters
-6.3570328512958,9.96657665408148,1813.32367380052,4.2128873681801696e-34,3.2620386891819e-30,Xist,27,P.pol,12,my_clusters
-1.90579380811732,7.39717378699544,106.930752247248,1.0712098555375699e-12,4.14718895571372e-09,Tsix,27,P.pol,12,my_clusters
-6.05210196383273,9.36533621502747,1754.20045505244,2.57117519101065e-34,2.3171430821387896e-30,Xist,31,P.pol,12,my_clusters
-3.45988610595412,5.85322614145789,148.298294849034,4.44066005256795e-15,2.0009614196871197e-11,Tsix,31,P.pol,12,my_clusters
-4.24450474246666,3.88668745562802,41.1277888309549,9.10617139746506e-08,0.0002735493887798,Jpx,31,P.pol,12,my_clusters
0.31702028681715,13.7142726534654,25.6965546661779,9.84447054625714e-06,0.0221795921407173,Snhg11,31,P.pol,12,my_clusters
-0.663580978267797,7.17421159159392,24.2493670483783,1.55753596787421e-05,0.0280730282849648,Insig1,31,P.pol,12,my_clusters
-5.42183737662083,9.94507232779727,623.170765309494,1.89287349036808e-38,6.00230183795719e-35,Xist,32,P.pol,12,my_clusters
-1.48904249145734,8.25431790240004,33.7246202659292,1.40805341512918e-07,0.0002232468689687,Vip,32,P.pol,12,my_clusters
0.45922611500569,13.7808910407248,31.1519362696154,3.54840190570927e-07,0.0003750660814334,Snhg11,32,P.pol,12,my_clusters
0.96678443182908,8.73192760218709,20.7806197303111,1.94216897757837e-05,0.0153965445697525,Oxt,32,P.pol,12,my_clusters
-6.92911632247947,9.80312436552846,1051.60443987701,2.6715298940276502e-39,1.20566144117468e-35,Xist,33,P.pol,12,my_clusters
-1.69708502971472,7.21695377180585,38.8687591186494,6.28782061947736e-08,0.0001418846722785,Tsix,33,P.pol,12,my_clusters
-1.08621579808857,9.13301835128412,30.8229373323677,8.14021502949896e-07,0.0012245596809376,Nfic,33,P.pol,12,my_clusters
-0.768245845187028,9.0294588606728,24.286367468849,7.80803982543593e-06,0.008809420933048,Penk,33,P.pol,12,my_clusters
0.289005552629228,13.9380076752156,20.459335517541,3.23206012523106e-05,0.0291725746903356,Snhg11,33,P.pol,12,my_clusters
-1.15635968328684,6.90008128775755,19.45381675551,4.77053645117357e-05,0.0358823850069105,0610012G03Rik,33,P.pol,12,my_clusters
-5.98066005759275,9.22455806216239,1095.09820289713,6.675771850925939e-36,4.8853298405076004e-32,Xist,25,P.pol,12,my_clusters
-0.700960594837552,8.35534406936141,27.8796581115181,2.75175693774753e-06,0.0100686786352182,Nosip,25,P.pol,12,my_clusters
-1.14721523982639,8.52648193439332,25.1045904639694,7.05032010338213e-06,0.0171980808388501,Nfic,25,P.pol,12,my_clusters
0.731929766557122,8.08192048791724,22.2387392697621,1.94030675614804e-05,0.0330591205213802,Penk,25,P.pol,12,my_clusters
-0.610004708625661,8.83068040079284,21.8191654314854,2.25875379348048e-05,0.0330591205213802,Tac1,25,P.pol,12,my_clusters
-4.51209984453716,9.23293394804974,399.413066535599,1.70748738047958e-20,1.2215364719951002e-16,Xist,11,P.pol,12,my_clusters
-1.26284875784051,6.93721876681901,34.7473816411609,1.13507712174811e-06,0.004060170864493,Tsix,11,P.pol,12,my_clusters
-6.4445519985642,9.90088123367706,881.56607597083,1.0018039457577001e-25,6.30635583854474e-22,Xist,19,P.pol,12,my_clusters
-0.851865169819639,8.12303659734932,36.9676670300539,7.18709860755232e-07,0.002262139286727,Tsix,19,P.pol,12,my_clusters
-1.30889080977784,8.78237411770802,32.6990997328199,2.1032393932763e-06,0.0044132973268914,Nfic,19,P.pol,12,my_clusters
-6.72940440800868,9.56813830665541,1100.76497583871,5.77631804202484e-34,2.9332143017402097e-30,Xist,30,P.pol,12,my_clusters
-2.80561188766598,6.79225166531742,66.4538471132421,1.29857556094552e-10,3.29708334924068e-07,Vip,30,P.pol,12,my_clusters
-1.20089757680617,7.62935858554478,38.4349360885422,1.7288905954145e-07,0.0002926435481171,Tsix,30,P.pol,12,my_clusters
0.355836367853869,13.3079328497437,29.3362811211823,2.42128517300499e-06,0.0030738215271298,Snhg11,30,P.pol,12,my_clusters
-5.652049801258,9.62919049965559,1117.49720506941,4.1815714953306596e-33,2.8309239023388597e-29,Xist,24,P.pol,12,my_clusters
-5.85357797338132,10.0386685553156,492.367921292066,3.6283778945064003e-25,9.93449867515851e-22,Xist,35,P.pol,11,my_clusters
-1.64935191724154,9.42768660305759,58.6987906974615,2.06860872347262e-09,2.83192534243401e-06,Nfic,35,P.pol,11,my_clusters
-5.72014765609552,10.3678557530051,547.624331180899,2.87408348224407e-25,9.29766006505958e-22,Xist,37,P.pol,11,my_clusters
0.782974466834139,12.4806830105556,60.5836949824641,1.5130242916280202e-09,2.44731679170832e-06,Snhg11,37,P.pol,11,my_clusters
-5.89637245382647,10.1497003831325,858.927495410017,1.66546236036386e-29,1.08604800519327e-25,Xist,38,P.pol,11,my_clusters
-5.28106743172594,10.571076059219,801.418765300203,2.76733490362357e-38,1.74701852465756e-34,Xist,41,P.pol,9,my_clusters
0.686126465540795,11.9872992307679,33.3264817844236,2.36437179062625e-07,0.0007463139557111,Snhg11,41,P.pol,9,my_clusters
-0.966948216874063,8.26450053443564,24.292615212621,5.9992778267864e-06,0.0126244803068342,Tsix,41,P.pol,9,my_clusters
-6.19314896763103,9.87628974426937,1578.0152394598,4.48230362379485e-45,3.18153911216959e-41,Xist,2,P.pol,12,my_clusters
-0.692585346568838,9.72561137611027,43.68762453638,1.1213140738211e-08,3.97954364799109e-05,Tac2,2,P.pol,12,my_clusters
-1.40334542159389,6.57931674924221,35.9587740555303,1.20541020149912e-07,0.0002852000536746,Gm34066,2,P.pol,12,my_clusters
-1.16113239553579,8.82957282101269,33.189682735752,3.00841306320585e-07,0.0005338428980658,Nfic,2,P.pol,12,my_clusters
0.869622603646607,7.86113321673866,31.0524499478581,6.1677130316424e-07,0.0007220045029975,Nrip1,2,P.pol,12,my_clusters
-0.662796476930937,9.56087196779313,31.0421174128256,6.18838271833757e-07,0.0007220045029975,Gal,2,P.pol,12,my_clusters
-0.73049248479937,9.43048467108258,30.6306647538276,7.12035999011377e-07,0.0007220045029975,Penk,2,P.pol,12,my_clusters
1.72066443527423,5.5800635021342,25.5666410371544,3.96504322714077e-06,0.0034305188561834,Fkbp5,2,P.pol,12,my_clusters
1.11165127847844,6.84974715613949,25.4988960288187,4.34977031637796e-06,0.0034305188561834,Col25a1,2,P.pol,12,my_clusters
-1.21511289297329,6.30753106236034,24.8018709876429,5.62391217897743e-06,0.0039918528646381,Col11a1,2,P.pol,12,my_clusters
0.337787550683498,13.8915133112393,24.3702930104541,6.58177121695639e-06,0.0042470374634505,Snhg11,2,P.pol,12,my_clusters
0.550452506406652,8.69740347780453,21.5424483817778,1.90959563851865e-05,0.0112952582018378,Ecel1,2,P.pol,12,my_clusters
0.881980746273399,6.94431291257821,20.9354022685169,2.4144470380508e-05,0.0131828808277574,Arpp21,2,P.pol,12,my_clusters
0.73208496287315,7.54346830721334,20.6913046564655,2.65446925432648e-05,0.0134581591194352,Elmo1,2,P.pol,12,my_clusters
0.690071144675638,7.7715707718679,19.4248205422352,4.36007669233447e-05,0.0202987139525739,Sgcd,2,P.pol,12,my_clusters
-0.537753088845979,9.31502287059633,19.3025849821709,4.57564698846411e-05,0.0202987139525739,Tac1,2,P.pol,12,my_clusters
1.02781307837128,6.34820045943304,18.9246191970111,5.31936790975059e-05,0.0222099255431822,Tmtc1,2,P.pol,12,my_clusters
0.388180301863149,10.3832120258265,18.7549874041768,5.69011364594653e-05,0.0224380148105158,Nrxn3,2,P.pol,12,my_clusters
-0.393352066922037,10.0998166418442,18.0188279983082,7.64916712291609e-05,0.0285756780202413,Epha5,2,P.pol,12,my_clusters
-0.69996361214383,7.3514925007063,17.451973932334,9.62943930868266e-05,0.0341748801065147,Esr1,2,P.pol,12,my_clusters
0.844213636024126,6.83158562781883,16.7766574797912,0.0001270550464028,0.0429446056841641,Vgf,2,P.pol,12,my_clusters
0.905731515777188,6.52646119279496,16.4196607383053,0.0001472132630497,0.0445862564544079,Washc4,2,P.pol,12,my_clusters
1.42759462176219,5.45091517551299,16.3663492767934,0.0001478683945729,0.0445862564544079,Ndst3,2,P.pol,12,my_clusters
-0.630781798562163,7.86998099636097,16.3613774770358,0.000150756572965,0.0445862564544079,Pnoc,2,P.pol,12,my_clusters
-5.90211454112846,9.5658860016695,1046.19641598148,1.53206618468859e-43,8.25477260310214e-40,Xist,34,P.pol,12,my_clusters
-1.17426890330011,7.89479593187138,45.2142536953401,4.12025050482579e-09,1.10999548600007e-05,Tsix,34,P.pol,12,my_clusters
-1.08279795135768,8.63636572017038,32.5234857852592,2.66202171906149e-07,0.0003662009218055,Nfic,34,P.pol,12,my_clusters
-1.73557085672029,6.48539819075449,32.4153293984691,2.71864084488143e-07,0.0003662009218055,Crh,34,P.pol,12,my_clusters
0.821475016894964,7.55900821640978,20.1373422227973,2.795300016899e-05,0.0301221529821036,Edil3,34,P.pol,12,my_clusters
-5.04148548123977,10.2073708403075,511.575646149283,8.013244679486021e-23,3.10272833989699e-19,Xist,28,P.pol,12,my_clusters
-5.52238470741289,10.7341736740591,486.277838057446,5.04794419782064e-31,1.96415508737201e-27,Xist,42,P.pol,9,my_clusters
-1.65312360862905,7.80456748304375,31.0810219019307,5.74864988167933e-07,0.0011183998344807,Tsix,42,P.pol,9,my_clusters
0.740948049327247,12.3180402063873,24.639031873026,5.70726065488386e-06,0.0074023170693843,Snhg11,42,P.pol,9,my_clusters
-6.41358903327629,9.51993313462668,1217.23708254372,4.95689083204097e-32,3.16051359450932e-28,Xist,29,P.pol,12,my_clusters
-6.42458883725132,10.2083346277111,1156.60310581431,7.86034148178175e-34,5.7113241206626196e-30,Xist,39,P.pol,12,my_clusters
-1.36956720462613,7.60700785882593,70.2983166818771,9.990923769574509e-11,3.62970260548642e-07,Tsix,39,P.pol,12,my_clusters
-4.35469831058767,4.81084435437652,29.1419235047037,2.53443703638798e-06,0.0061384065021316,Col9a2,39,P.pol,12,my_clusters
-6.19163724664982,10.0880388357336,1192.13268904727,8.54956214165295e-32,7.58859135693115e-28,Xist,44,P.pol,11,my_clusters
-3.34145579220873,6.81954773344375,157.765236093355,1.3197100949857602e-15,5.85687340154682e-12,Tsix,44,P.pol,11,my_clusters
-3.89217047544245,4.53069479951156,30.9065482203788,1.3865131797662e-06,0.0041022303278682,Jpx,44,P.pol,11,my_clusters
3.49398728913038,4.61021330733559,30.2587234891116,2.90282984517942e-06,0.0064413794264531,Acta2,44,P.pol,11,my_clusters
-2.82180728837488,5.11801170079125,27.6015940881375,4.21757925399936e-06,0.0074870466916996,Col9a2,44,P.pol,11,my_clusters
3.7619773237904,4.41902611142865,24.066535654383,1.83987017852889e-05,0.0272178128410373,Tagln,44,P.pol,11,my_clusters
-6.77080321417212,10.6755714815269,479.680299592952,2.96064682064493e-25,8.00558900302388e-22,Xist,15,P.pol,11,my_clusters
-6.97624139375166,10.6886770436504,933.135921202611,2.01363053510775e-44,9.24659141721479e-41,Xist,20,P.man,11,authors_clusters
-4.66974105880905,8.76649616362207,235.232077396723,1.73789970449234e-24,3.99021772151441e-21,Gm28040,20,P.man,11,authors_clusters
1.10792257230123,8.5093813085668,41.0553449045666,1.2308798628988e-08,1.88406677681043e-05,Gtf2a2,20,P.man,11,authors_clusters
-1.06446510313854,8.51907414425699,33.5409391314521,1.59193890887069e-07,0.0001827545867383,Tsix,20,P.man,11,authors_clusters
2.52010639211478,6.65134058651344,31.1907420346147,3.59304883727674e-07,0.0003299856052154,Pomc,20,P.man,11,authors_clusters
-2.10562566725513,6.75706073434127,27.9115045534419,1.19890592908909e-06,0.0009175626710628,Srrd,20,P.man,11,authors_clusters
-2.02106289435833,6.65219937341967,23.35339752414,7.02858608505096e-06,0.0046107524717934,Tubb2a,20,P.man,11,authors_clusters
1.51884773385451,7.01949980301861,22.0938751474351,1.17127508286815e-05,0.0067231189756632,D830024N08Rik,20,P.man,11,authors_clusters
0.817047305509699,8.4145558949403,20.6623714719742,2.09724509751896e-05,0.0107006105420078,C130073E24Rik,20,P.man,11,authors_clusters
4.18319084676798,5.42048824428109,19.574596264112,3.29671645223287e-05,0.0151385219486533,4933412L11Rik,20,P.man,11,authors_clusters
-5.07485273528281,10.1598590283083,624.701032312065,8.35321535459777e-28,2.7264894917407102e-24,Xist,27,P.man,12,authors_clusters
1.37059032727513,8.5382808535447,70.519578971656,1.0354506910227601e-10,1.68985552774914e-07,Gtf2a2,27,P.man,12,authors_clusters
-1.83509300618562,6.85275664049788,29.1259328747057,2.3213769967071e-06,0.0025256581724173,Srrd,27,P.man,12,authors_clusters
2.23628556147642,6.44701001685055,22.8886796155225,1.89705558026539e-05,0.0145484770805557,4933412L11Rik,27,P.man,12,authors_clusters
1.13480698474145,7.28828273845516,22.4847773497955,2.22862700376159e-05,0.0145484770805557,D830024N08Rik,27,P.man,12,authors_clusters
-5.31319936408585,9.8409247598041,990.398650948755,1.30470591911516e-32,1.05263673554211e-28,Xist,5,P.man,12,authors_clusters
1.22140683900404,8.2994200216462,96.6417615029061,7.62175093885634e-13,3.0746143287346503e-09,Gtf2a2,5,P.man,12,authors_clusters
-1.45113463987711,6.41492832254249,49.7297977159529,7.98096468551134e-09,1.68028706810707e-05,Srrd,5,P.man,12,authors_clusters
1.10282221126364,7.53317407792369,49.5497611327416,8.33062502779905e-09,1.68028706810707e-05,Sgcd,5,P.man,12,authors_clusters
2.11670826603529,5.95764483151808,41.789851117644,5.22402501754061e-08,8.42948676830353e-05,4933412L11Rik,5,P.man,12,authors_clusters
-1.04307771461717,8.79446896152272,40.5729622134197,8.3259594638046e-08,0.0001119564015899,Tac1,5,P.man,12,authors_clusters
0.606241357255079,9.782819997244,38.546039824407,1.45113853951182e-07,0.000167254081954,Lrp1b,5,P.man,12,authors_clusters
-3.2113063556164,4.50555286362622,34.494246402358,3.94843593502843e-07,0.0003981997640476,Jpx,5,P.man,12,authors_clusters
-0.825588192101662,7.53692405273029,34.6012204606393,4.46334512428242e-07,0.0004001140940301,Serpine2,5,P.man,12,authors_clusters
1.04864565513445,6.48133920534858,31.9855514310244,9.68928948345035e-07,0.0007817318755247,Col25a1,5,P.man,12,authors_clusters
-1.7680127342726,5.88757450848801,28.5318227072265,2.80346426673763e-06,0.0018613675790068,Tubb2a,5,P.man,12,authors_clusters
-0.656357533865964,10.7936481502485,28.4186702788579,2.92994251701289e-06,0.0018613675790068,Tac2,5,P.man,12,authors_clusters
0.789276220163731,7.7181215070291,28.351829691244,2.99922887048696e-06,0.0018613675790068,Nrip1,5,P.man,12,authors_clusters
-0.680825828229522,9.62783265473904,24.6162428709226,1.01631094236288e-05,0.0058568547735597,Gal,5,P.man,12,authors_clusters
0.992531002267104,6.36853718394879,23.4992269128428,1.48182030938746e-05,0.0074796726117772,Cald1,5,P.man,12,authors_clusters
1.51371610376087,5.29406135285222,23.1643367004698,1.48332624923694e-05,0.0074796726117772,Gm20754,5,P.man,12,authors_clusters
-0.954506343274422,6.37959536375206,21.9551440550784,2.54155006942881e-05,0.0120618976236186,Grp,5,P.man,12,authors_clusters
-0.971354602371206,6.00270187160654,21.0833311546546,3.43344603819398e-05,0.0153894681311939,Gm16054,5,P.man,12,authors_clusters
-0.700210710891631,7.11334057204952,20.55607589945,4.17322646661045e-05,0.017075145239309,Dlk1,5,P.man,12,authors_clusters
0.907636195816171,7.09457470941585,20.5193620454477,4.23280744653173e-05,0.017075145239309,D830024N08Rik,5,P.man,12,authors_clusters
-0.98605282333023,6.01542217661816,20.2483719871677,4.67228666200641e-05,0.0179504803757465,Npy1r,5,P.man,12,authors_clusters
-0.490067653702651,8.23238549280691,19.7913125951855,5.50345573726573e-05,0.0194104707697445,Tsix,5,P.man,12,authors_clusters
0.543650926837805,8.10726607399981,19.7770547064883,5.53347580198467e-05,0.0194104707697445,Dlgap1,5,P.man,12,authors_clusters
-0.648873448427889,7.12308133980637,19.6294725619595,5.84051506909899e-05,0.0196338648239545,Ap1s2,5,P.man,12,authors_clusters
0.46629902840727,8.66200745038621,19.3699359028308,6.42055766455001e-05,0.0207204236950358,Hmgn3,5,P.man,12,authors_clusters
0.929118899566791,6.19258595516843,19.049383593854,7.19062114687632e-05,0.0217114652791622,Gm44438,5,P.man,12,authors_clusters
0.815821553633226,6.38613626267093,19.0265436484154,7.26585972406272e-05,0.0217114652791622,Map4k1,5,P.man,12,authors_clusters
1.14908218178024,5.81434146912256,18.89089322519,7.6320551461633e-05,0.0219912217568734,Gm26699,5,P.man,12,authors_clusters
1.30750962183435,5.18728535677629,18.5131901618023,8.25973307834955e-05,0.0227466125737314,Slc10a4,5,P.man,12,authors_clusters
-0.780288254683422,6.7316688342197,18.6059195566346,8.51731065365516e-05,0.0227466125737314,Adra2a,5,P.man,12,authors_clusters
-0.384382887152049,9.50569647157431,18.515257072759,8.80648281957681e-05,0.0227466125737314,Grina,5,P.man,12,authors_clusters
-0.876390035376052,6.14083408376686,18.410447294056,9.02195838323506e-05,0.0227466125737314,Pla2g7,5,P.man,12,authors_clusters
0.890998055199999,6.161264398702,17.8993432361932,0.00011067548865,0.0270584800736006,1700088E04Rik,5,P.man,12,authors_clusters
0.478378427884386,8.11824456387586,17.5470471884869,0.0001267468726281,0.0300762873048249,Prmt9,5,P.man,12,authors_clusters
0.914316204967381,6.02274128334231,16.9279762185661,0.000158382033108,0.0365093212318824,Memo1,5,P.man,12,authors_clusters
-0.956042294230331,5.70576148462973,16.305504132599,0.0001960565730601,0.0436272623276433,Trhde,5,P.man,12,authors_clusters
0.632283513086521,6.94361654763362,16.3490424393642,0.0002008232245311,0.0436272623276433,Fam13a,5,P.man,12,authors_clusters
0.972866312167823,5.65605888514707,16.2265606228829,0.0002054828914787,0.0436272623276433,Pdzrn4,5,P.man,12,authors_clusters
-0.462352143532754,8.28359286084439,16.142826233192,0.0002173618937872,0.0444923773218353,Zmynd8,5,P.man,12,authors_clusters
-0.477550633323471,8.05085294886607,16.1050802179717,0.0002205868979763,0.0444923773218353,Mest,5,P.man,12,authors_clusters
-5.28503631563639,9.96712216513012,1477.64612980906,1.86194589451047e-36,1.16483335160575e-32,Xist,9,P.man,12,authors_clusters
3.1630283706981,7.29360618638179,142.724646374772,6.72048168870455e-16,2.10216667222678e-12,Dcn,9,P.man,12,authors_clusters
1.74753563269896,8.42205068505332,136.115229700735,2.62755245693374e-15,5.47932272352583e-12,Tac1,9,P.man,12,authors_clusters
1.51785853522224,7.91240877802395,88.4375043764668,2.9392551767251197e-12,4.596995096398081e-09,Ecel1,9,P.man,12,authors_clusters
0.927598518232462,8.17647561933137,43.0604428330392,4.24735961977751e-08,5.31429635626563e-05,Gtf2a2,9,P.man,12,authors_clusters
0.38222241141786,13.7866290529649,30.2988000633715,1.61333423969883e-06,0.0016821698339259,Snhg11,9,P.man,12,authors_clusters
1.3975235327126,6.34990311270652,27.3705768028538,4.01250799385675e-06,0.0035860357156525,Crhr2,9,P.man,12,authors_clusters
1.16616298555389,6.77961480146742,26.8527635968339,4.84026939077926e-06,0.0037850906635893,Traf3ip1,9,P.man,12,authors_clusters
1.18964238189279,6.74497526650929,25.5141021379364,7.41082987713175e-06,0.0051502765058697,Arhgap6,9,P.man,12,authors_clusters
0.709309762974345,8.73638278686807,25.1139910964585,8.55608939264432e-06,0.0051502765058697,Cck,9,P.man,12,authors_clusters
0.74343429470786,7.90044243224369,24.9457798820969,9.05579308896532e-06,0.0051502765058697,Sh3bgrl,9,P.man,12,authors_clusters
-1.37583504778964,6.36059236680772,22.8232757693758,1.87006000418323e-05,0.0097492461551418,Srrd,9,P.man,12,authors_clusters
-0.817995360493551,7.88384559905659,22.0947972588041,2.40581238538074e-05,0.0115775094484168,Tsix,9,P.man,12,authors_clusters
1.43513658349236,5.84959732612651,20.6037785607088,3.88364815882129e-05,0.0163046495918014,Prtn3,9,P.man,12,authors_clusters
1.39644409606118,5.97562246711507,20.6358513361912,3.9925108735251e-05,0.0163046495918014,Etl4,9,P.man,12,authors_clusters
0.674386444252936,8.02313524681508,20.5471742597501,4.1699871078776e-05,0.0163046495918014,Prmt9,9,P.man,12,authors_clusters
0.958690779942135,7.05346198292115,20.3240777995013,4.52468329322737e-05,0.0166508345190767,Egr1,9,P.man,12,authors_clusters
-0.357840027531155,10.7041285888299,19.8995754047585,5.27049296326995e-05,0.0183178910990093,Nnat,9,P.man,12,authors_clusters
1.07109991906724,7.1120969019885,19.4887438782444,6.12787381547226e-05,0.0195605708348657,D830024N08Rik,9,P.man,12,authors_clusters
0.642193883935335,7.93170316483593,19.2764720938192,6.62112141804512e-05,0.0195605708348657,Sorbs2,9,P.man,12,authors_clusters
1.27765936686139,6.31198194911294,19.2647626604879,6.66496893680588e-05,0.0195605708348657,Dock4,9,P.man,12,authors_clusters
0.488304268091073,9.16829055851577,19.1725405143489,6.87871736520214e-05,0.0195605708348657,Lrp1b,9,P.man,12,authors_clusters
0.949291581288658,7.07956354478387,18.3841148063558,9.22824957771586e-05,0.0251008388513871,Sgcd,9,P.man,12,authors_clusters
-0.610968887258751,8.19631712493312,17.9679086588796,0.0001077523238255,0.0280874390771936,Fstl5,9,P.man,12,authors_clusters
-0.978376445900437,6.52661931487105,17.3840089070738,0.0001288678340035,0.031018963514285,Npy,9,P.man,12,authors_clusters
0.736789198008315,7.31414535299543,17.4949707510092,0.0001289151296949,0.031018963514285,Ryr2,9,P.man,12,authors_clusters
0.756273817018806,7.17557577679645,17.3205901105849,0.0001378212807484,0.0319337011985921,Sipa1l1,9,P.man,12,authors_clusters
0.853689154449043,7.09904921455776,17.2243439711845,0.000142981662289,0.0319461885457191,Brap,9,P.man,12,authors_clusters
0.576957192205501,8.8471214647901,16.5637851329731,0.0001840969841773,0.0397141632073557,Brinp2,9,P.man,12,authors_clusters
-1.60994553350012,5.23157790269771,16.2284334999514,0.0002091832716798,0.0436216849209809,Pitrm1,9,P.man,12,authors_clusters
0.822527925201553,7.27287500848595,16.1488497545495,0.0002164027207755,0.0436714651990916,Arpp21,9,P.man,12,authors_clusters
0.546731904129423,8.02437551018677,16.0078423142843,0.0002285167692679,0.0446750283918757,Tshz2,9,P.man,12,authors_clusters
0.634454502974812,7.57082165199746,15.6878459381159,0.0002590425713723,0.0491081917122934,Brinp3,9,P.man,12,authors_clusters
-7.41703584402471,10.8760729460633,353.65440792748,2.83820060971453e-26,6.800328660876e-23,Xist,40,P.man,8,authors_clusters
-2.56212142658265,9.05059936091442,56.4309463826551,5.79990961016423e-10,6.94829171297674e-07,Penk,40,P.man,8,authors_clusters
-5.78568523491643,10.7477744008134,1001.54212498143,3.5140984489827703e-31,1.83857630850779e-27,Xist,15,P.man,12,authors_clusters
-1.42317913344862,8.33349972053405,65.6771646616561,3.59942927298543e-10,9.41610697812989e-07,Tsix,15,P.man,12,authors_clusters
-1.52885554444638,6.54680316044985,22.2192980494699,2.56819371906227e-05,0.0447892984604461,Srrd,15,P.man,12,authors_clusters
0.822278953738731,8.04825220928173,21.2557534611489,3.63907099758181e-05,0.0475990486483701,Gtf2a2,15,P.man,12,authors_clusters
-5.1177558989414,10.4395758616398,799.376814827396,2.69279003552083e-36,1.22064172310159e-32,Xist,16,P.man,12,authors_clusters
1.05911128770346,8.38536441523699,41.674209724054,2.12600892991657e-08,4.81859923965591e-05,Gtf2a2,16,P.man,12,authors_clusters
-1.54401207608851,6.91825623277188,37.3097843439974,8.17513143610929e-08,0.0001009363470835,Srrd,16,P.man,12,authors_clusters
1.27558424838884,7.06073169161604,37.0383037384119,8.9068031840738e-08,0.0001009363470835,D830024N08Rik,16,P.man,12,authors_clusters
-0.741981578858431,8.67907522914506,29.9849236066502,9.09314156395841e-07,0.0008243842141884,Tsix,16,P.man,12,authors_clusters
0.857924011136671,7.62163950102692,26.0590113747865,3.61895552086767e-06,0.0027341208960155,Sh3bgrl,16,P.man,12,authors_clusters
2.03344587913251,5.79649558640698,25.1256665500002,4.93091666521998e-06,0.0031931207490631,4933412L11Rik,16,P.man,12,authors_clusters
-5.90620542188627,10.5049007711571,1247.54383477285,3.8593266059629e-52,1.51324196219805e-48,Xist,23,P.man,12,authors_clusters
-1.04060764011418,7.98693861401338,28.488837183666,7.92172242022699e-07,0.0015530536804855,Tsix,23,P.man,12,authors_clusters
0.931326289628637,8.51145570973514,26.4471971558758,1.75241687735533e-06,0.0022904088587034,Gtf2a2,23,P.man,12,authors_clusters
-1.32049264894186,7.00456595859206,21.9248328521177,1.06333778199448e-05,0.0104233686080009,Gal,23,P.man,12,authors_clusters
1.98874252100527,6.41074930527494,18.0714457131278,5.41188715781535e-05,0.042440019091588,4933412L11Rik,23,P.man,12,authors_clusters
-0.363549480006573,10.8765437823625,17.5298334343832,6.95442965407945e-05,0.0454471977894092,Stmn1,23,P.man,12,authors_clusters
-6.36984650205466,9.87467896592702,892.3181513508,4.98779528011366e-35,1.32725232403825e-31,Xist,13,P.man,10,authors_clusters
1.39343200032652,8.41675302292132,51.4952051860408,3.5888697631709104e-09,4.7749912198989e-06,Gtf2a2,13,P.man,10,authors_clusters
-1.35368321021825,7.3208248724274,22.5364566870979,1.73675214877715e-05,0.0154049915596533,Srrd,13,P.man,10,authors_clusters
0.594212808002558,11.0829386706639,21.5470408391089,2.62340997147301e-05,0.0174522348352242,Avp,13,P.man,10,authors_clusters
-4.32855709986949,10.1620717957521,218.2167446967,1.51108250851886e-12,6.270992410353281e-09,Xist,35,P.man,9,authors_clusters
-5.63667060111274,10.6057220267582,687.422529759647,5.32056009565525e-24,2.40170082717878e-20,Xist,29,P.man,11,authors_clusters
1.25209438299147,9.47062874642164,61.036290373346,4.66783240221452e-09,1.05352977317982e-05,Fos,29,P.man,11,authors_clusters
1.54922910778156,8.18621023501826,45.7052499825554,9.56207331408697e-08,0.0001438773297992,Nts,29,P.man,11,authors_clusters
-3.48456402040842,7.00864511735433,34.7768764630063,1.30129531111454e-06,0.0014685117585927,Pmch,29,P.man,11,authors_clusters
-0.87303700486458,8.38788654463231,22.3069575871164,4.01420655137547e-05,0.0362402567458178,Tsix,29,P.man,11,authors_clusters
-5.3151018415824,9.66785189485477,1588.29468039034,1.60719336625208e-38,1.34457797020649e-34,Xist,1,P.man,12,authors_clusters
1.11634667891728,7.97713412219528,112.036386127526,3.81224650305106e-14,1.59466271222626e-10,Gtf2a2,1,P.man,12,authors_clusters
-1.50869790457383,6.53780827835584,73.7186171137418,2.9233525390449196e-11,8.15225578054993e-08,Srrd,1,P.man,12,authors_clusters
-3.97401155752882,4.31568482663466,52.3581095874603,1.7286707701941102e-09,3.61551491586097e-06,Jpx,1,P.man,12,authors_clusters
2.40235459880296,4.45729789458457,39.4974700872804,9.84214999197233e-08,0.0001646788536656,Chdh,1,P.man,12,authors_clusters
1.99969522064931,5.60353720755869,36.7189640787386,1.91563924460988e-07,0.0002671039653401,4933412L11Rik,1,P.man,12,authors_clusters
-0.714163874377579,7.79880052006815,33.5423677306592,5.2169256178058e-07,0.0006234971388366,Tsix,1,P.man,12,authors_clusters
-1.72701679149063,6.01425123539552,30.5402973856,1.26959242448421e-06,0.0013276762779043,Tubb2a,1,P.man,12,authors_clusters
-0.816588303671678,6.3515744146459,21.4868089164483,2.75417002955769e-05,0.0256015405191996,Agbl3,1,P.man,12,authors_clusters
0.783240523566952,6.73995596065923,21.0193776158717,3.26296079910639e-05,0.0269803267564592,D830024N08Rik,1,P.man,12,authors_clusters
-0.777288265773744,6.52298432638097,20.790851891806,3.54749694383279e-05,0.0269803267564592,Dmtf1,1,P.man,12,authors_clusters
-1.34324315141796,5.11189296791323,19.0621769746611,6.54597903861544e-05,0.0393122197691894,Gusb,1,P.man,12,authors_clusters
1.20659172534898,5.44794330789282,19.1006968061404,6.58265328318736e-05,0.0393122197691894,Gm26699,1,P.man,12,authors_clusters
-1.2947347656923,5.11293455388199,19.0093214626025,6.68102762563565e-05,0.0393122197691894,Gm26538,1,P.man,12,authors_clusters
-0.917206957642932,5.6755328175416,18.9080104968023,7.0485691673182e-05,0.0393122197691894,Plpp4,1,P.man,12,authors_clusters
-0.576488512298795,7.00678098167617,18.1395392612523,9.50797454910748e-05,0.0497148219236457,Smim12,1,P.man,12,authors_clusters
-6.13553646270593,9.63176455175733,873.724925758471,7.966197704962549e-28,5.06729836012668e-24,Xist,22,P.man,11,authors_clusters
1.16207683983311,8.1904770355161,47.4909636493853,3.44456062632473e-08,0.0001095542507202,Gtf2a2,22,P.man,11,authors_clusters
2.87386437325841,5.8605216172623,31.6095790531806,1.46011602347711e-06,0.0022658586746603,4933412L11Rik,22,P.man,11,authors_clusters
-1.34754516656548,7.05021752942168,32.1542030180425,1.61124062533641e-06,0.0022658586746603,Tsix,22,P.man,11,authors_clusters
-2.60414238349041,6.79782834676732,31.0672007218626,1.78105539589714e-06,0.0022658586746603,Yjefn3,22,P.man,11,authors_clusters
1.31421871310846,6.99204365257649,22.8753465742034,2.61569188226767e-05,0.025119642411607,D830024N08Rik,22,P.man,11,authors_clusters
0.946290614882656,7.55779309688846,22.6989973286859,2.76430587771182e-05,0.025119642411607,Myl6b,22,P.man,11,authors_clusters
-4.83865687301052,9.56396769591884,701.985377303575,7.60974980454218e-26,6.96292107115609e-22,Xist,2,P.man,12,authors_clusters
-2.01855455074138,6.36543429622379,86.7193377372913,2.76715668774147e-11,1.26597418464172e-07,Tsix,2,P.man,12,authors_clusters
1.79586715323047,5.84760666818377,37.2881128950005,3.68239305407399e-07,0.0011231298814925,Gm26699,2,P.man,12,authors_clusters
-1.30810706656143,6.56637205167636,33.2627946608258,1.24791758042513e-06,0.0024690688513122,Srrd,2,P.man,12,authors_clusters
1.89444845542641,5.43876680398352,32.1960059645987,1.48664938858462e-06,0.0024690688513122,4933412L11Rik,2,P.man,12,authors_clusters
1.04662938678835,7.03216492937771,32.3116382811112,1.61906154184408e-06,0.0024690688513122,D830024N08Rik,2,P.man,12,authors_clusters
-1.82063046751301,5.73548151050026,29.3491895772455,3.33545108601332e-06,0.0043599110624316,Tubb2a,2,P.man,12,authors_clusters
3.67750671874501,3.91154188262039,26.2296215613102,8.90045437930121e-06,0.0101798946963258,Mastl,2,P.man,12,authors_clusters
0.576173887289186,7.71253097951811,22.6692268613831,2.8743146910327e-05,0.0292221993588324,Sh3bgrl,2,P.man,12,authors_clusters
0.553843930609103,7.75265302663846,22.1533338683941,3.40133867051995e-05,0.0311222488352576,Srbd1,2,P.man,12,authors_clusters
-4.15410891828247,10.2845404258081,369.137715216538,2.5549599118521298e-55,7.53968669987563e-52,Xist,37,P.man,11,authors_clusters
-5.54292263217354,9.94546741035992,1145.55265229267,1.47092363093333e-32,8.55489183750827e-29,Xist,17,P.man,12,authors_clusters
1.34054845026101,8.29797853026598,93.0993496279528,2.5515878982950297e-12,7.420017608241941e-09,Gtf2a2,17,P.man,12,authors_clusters
-1.52511277336153,6.75044092394711,38.5683782603409,1.81859508302211e-07,0.0003525649667618,Srrd,17,P.man,12,authors_clusters
1.97433971286105,5.84727223997066,28.5722528907471,3.00141863850594e-06,0.0043640627003876,4933412L11Rik,17,P.man,12,authors_clusters
-0.778351230222474,7.59341476065409,22.7434703853186,2.15267372588609e-05,0.025039900779507,Tsix,17,P.man,12,authors_clusters
-5.10451967070506,9.55127536831901,698.737252960922,1.88200677831393e-38,1.23327904182912e-34,Xist,21,P.man,11,authors_clusters
1.06210603244396,7.7971542556608,43.8194119624737,5.79970497952176e-09,1.9002733365403e-05,Gtf2a2,21,P.man,11,authors_clusters
-2.01107746567402,6.80546869835379,41.8809328360869,9.915630375355e-09,2.16590419499004e-05,Tubb2a,21,P.man,11,authors_clusters
-1.38882905099451,6.70268990621802,29.598734793442,7.13043219500267e-07,0.0011681430543463,Srrd,21,P.man,11,authors_clusters
-4.86260800426189,9.91822984181379,1614.82378991813,1.01471564072479e-37,8.26282946242195e-34,Xist,4,P.man,10,authors_clusters
1.29705361616384,8.16252788259114,124.780088127872,9.433825704549611e-15,3.84098213560737e-11,Gtf2a2,4,P.man,10,authors_clusters
-2.02219212435552,6.16751376252259,67.0936774507446,1.25520181767045e-10,3.40703613376348e-07,Tubb2a,4,P.man,10,authors_clusters
-1.5193030728237,6.45494698201452,52.2612827212152,3.933018633105851e-09,8.00664268234522e-06,Srrd,4,P.man,10,authors_clusters
1.87142371002946,6.13152177863572,49.6921910810115,7.367810573214241e-09,1.19992162995367e-05,Gm26699,4,P.man,10,authors_clusters
1.20675006176283,6.88898338924342,44.3797509518588,2.81501166021716e-08,3.78507218544118e-05,D830024N08Rik,4,P.man,10,authors_clusters
-0.843256195819602,7.77985142448481,43.8252010250005,3.25377690017048e-08,3.78507218544118e-05,Tsix,4,P.man,10,authors_clusters
1.83101247816123,5.16287550553172,30.3986338399553,1.50914675824746e-06,0.0015361227565511,Chdh,4,P.man,10,authors_clusters
1.88971139209617,5.15254563164606,29.2082545823723,2.12844313729601e-06,0.001925768051889,Arl5b,4,P.man,10,authors_clusters
0.788367840071005,7.2099309487364,23.9130182947843,1.24730922383353e-05,0.0101568390096764,Tac1,4,P.man,10,authors_clusters
-0.893771309916709,6.47895330602679,21.7670586601093,2.63461128904512e-05,0.0195033088424495,Epb41l4aos,4,P.man,10,authors_clusters
-6.33471290185958,10.5971470656564,471.093529181673,1.1189686396511299e-34,2.5355829374494604e-31,Xist,38,P.man,10,authors_clusters
-1.95101032645449,8.02742363209158,19.6104952382034,3.16109664366174e-05,0.0358152249726875,Tsix,38,P.man,10,authors_clusters
-5.96035056284622,10.2105501547853,845.154376000648,4.85606788903643e-32,3.39050660012523e-28,Xist,14,P.man,11,authors_clusters
2.18812399240287,6.34466667389093,41.6724585434809,4.38789723158202e-08,0.000132921923856,Gm26699,14,P.man,11,authors_clusters
1.01301935739016,9.10766095087391,41.2674060473961,5.71134018287425e-08,0.000132921923856,Grid2ip,14,P.man,11,authors_clusters
1.33527900085377,6.94929401588253,36.2152089095697,2.3901948324403e-07,0.0004172085080024,D830024N08Rik,14,P.man,11,authors_clusters
0.899820524427776,8.11076812327042,29.7094482198249,1.72758976901e-06,0.0024124063534455,Gtf2a2,14,P.man,11,authors_clusters
-1.51254474529036,6.32633072813229,28.7488651150553,2.35610430761073e-06,0.0027417200459563,Srrd,14,P.man,11,authors_clusters
-0.775877254326343,8.10142037765561,21.470345451654,2.79010053733425e-05,0.0273750128819042,Tsix,14,P.man,11,authors_clusters
1.36738961715695,6.14557526050146,21.005890758061,3.13663854275614e-05,0.0273750128819042,4933412L11Rik,14,P.man,11,authors_clusters
1.05073590716247,6.62962356260858,20.54560779794,3.9032185531968e-05,0.0279970080869848,D8Ertd738e,14,P.man,11,authors_clusters
0.91484747715657,7.15852818200186,20.4737327959432,4.00988371340372e-05,0.0279970080869848,Gm20754,14,P.man,11,authors_clusters
-5.51575080029323,9.734322205044,1048.24394755568,3.67114801242609e-36,2.91672709587253e-32,Xist,7,P.man,10,authors_clusters
1.22477721919661,8.13049078740398,103.206619610519,5.87550464894479e-14,2.33404422179332e-10,Gtf2a2,7,P.man,10,authors_clusters
2.31251049039382,5.71734521697421,59.7900863992556,3.33800545203384e-10,8.84015110546962e-07,4933412L11Rik,7,P.man,10,authors_clusters
-1.61358971595231,6.60964133864366,58.3483758892318,4.7201281561793e-10,9.37535455021113e-07,Srrd,7,P.man,10,authors_clusters
2.13937709853792,5.70318302010291,43.9784195322655,1.90868667289834e-08,3.03290312323546e-05,Gm26699,7,P.man,10,authors_clusters
0.920971212623814,7.4141102194815,41.6749519336873,3.62020913182058e-08,4.79376025871909e-05,Sh3bgrl,7,P.man,10,authors_clusters
-2.31413355549507,5.2508791313427,36.5844679468827,1.53681037825023e-07,0.0001744279779314,Gm26538,7,P.man,10,authors_clusters
4.93943320163079,4.03475475458061,34.1447944271362,3.24762046681179e-07,0.0003225293076102,Mastl,7,P.man,10,authors_clusters
-1.63186076957612,5.98609123317118,32.3918042160673,5.57557473018303e-07,0.0004921993470144,Tubb2a,7,P.man,10,authors_clusters
0.878245158726693,6.76464680336605,27.5390465345672,2.86822595746503e-06,0.0022788055232059,Hmgcs1,7,P.man,10,authors_clusters
-0.723223458072484,7.47046370787917,23.5505638416683,1.14576783578323e-05,0.0082755685957252,Vgf,7,P.man,10,authors_clusters
0.896639464194049,6.80506998548188,21.8035783305697,2.15738733790108e-05,0.0137213652540447,D830024N08Rik,7,P.man,10,authors_clusters
0.687937177940542,7.17789479293359,21.6947990340443,2.24515731029051e-05,0.0137213652540447,Brap,7,P.man,10,authors_clusters
2.03907280816937,4.64016463074978,21.4032135237234,2.45619385473599e-05,0.0139389001256268,Chdh,7,P.man,10,authors_clusters
1.18932162813612,5.56349410439935,18.32634495202,8.01313447834579e-05,0.0424429022869715,Memo1,7,P.man,10,authors_clusters
-0.36697465178229,9.65492827385556,17.9261382448153,9.35397103309657e-05,0.0464483124112202,Ndufv2,7,P.man,10,authors_clusters
-5.1841946256527,10.3581586974837,481.980323656898,6.11981272563647e-26,4.86402715433587e-22,Xist,12,P.man,9,authors_clusters
2.77117821879471,6.59988099241718,72.3948868246961,4.22236490424919e-11,1.67796781294863e-07,Gm26699,12,P.man,9,authors_clusters
-2.39460659047961,6.16451751982523,37.8948623216735,1.70024417643108e-07,0.0004504513571424,Nrp2,12,P.man,9,authors_clusters
2.39775784725812,6.04523329321747,34.5188838877211,4.34694913197635e-07,0.0008637387925237,Gm26543,12,P.man,9,authors_clusters
-1.10761967357384,7.97388305185808,25.1859012508678,8.3438745205089e-06,0.0132634229378009,Tsix,12,P.man,9,authors_clusters
1.58880441356473,6.56630163336183,24.3940801924062,1.08847336434712e-05,0.0144186438330515,D830024N08Rik,12,P.man,9,authors_clusters
-5.96328326558539,4.50489883488931,22.4938680115124,2.26455018690307e-05,0.0257123498364366,Jpx,12,P.man,9,authors_clusters
-6.24466017323494,10.4089313152549,676.129299265897,8.22578315727974e-27,2.9538787317791603e-23,Xist,34,P.man,10,authors_clusters
-1.11873263235094,8.18158880961279,27.7295490502493,5.14580844400757e-06,0.0092392990612155,Tsix,34,P.man,10,authors_clusters
-6.20808818532802,10.3551309875848,1053.37103303065,6.58556692118316e-46,4.25230056100797e-42,Xist,28,P.man,9,authors_clusters
1.40350013225346,8.2424513716986,58.9348262792692,5.1162307866224295e-11,1.65177510946105e-07,Gtf2a2,28,P.man,9,authors_clusters
-1.241853335513,8.29997295884732,44.8896725730095,3.4727807876791803e-09,7.47458184868149e-06,Tsix,28,P.man,9,authors_clusters
1.34165103447971,7.03567822178047,23.9036320388515,5.68087494951246e-06,0.0091703523872504,Rgs9,28,P.man,9,authors_clusters
-1.16483798500577,7.4787403611248,21.3697073694555,1.56044311102022e-05,0.0201515623357151,Donson,28,P.man,9,authors_clusters
0.53033899584316,9.70548809877088,19.5044185400085,3.34879550128607e-05,0.0360386209196736,Lrp1b,28,P.man,9,authors_clusters
-2.14798264884966,6.08907970604871,18.9449872104129,4.22039322666275e-05,0.0389301129493734,Tubb2a,28,P.man,9,authors_clusters
-5.04467063865641,9.58946724111111,421.013179583276,8.48588043439245e-23,5.390231251926081e-19,Xist,30,P.man,9,authors_clusters
-1.71633413398447,6.84773700745837,31.2368418716457,1.80448811055447e-06,0.005731054239121,Srrd,30,P.man,9,authors_clusters
-1.22821570080686,7.17246624826086,23.2931991129145,2.06556373412345e-05,0.0437348694638406,Tsix,30,P.man,9,authors_clusters
-6.60625452332381,10.0459048673904,908.744375380486,1.75691203140159e-57,8.54034938464314e-54,Xist,31,P.man,10,authors_clusters
-3.45819644317572,6.58415968971211,45.956546413687,4.95355787103984e-10,1.20396224055623e-06,Tubb2a,31,P.man,10,authors_clusters
1.23596547966432,8.30599875065319,43.5766984484188,1.25305124022236e-09,2.03036069290697e-06,Gtf2a2,31,P.man,10,authors_clusters
-0.612913191076377,11.0987706906545,35.3307375741302,2.94404452734453e-08,3.57775011185544e-05,Gal,31,P.man,10,authors_clusters
-1.71360480945204,6.91108180561122,27.2000515623693,8.00772271675265e-07,0.0007785108025226,Srrd,31,P.man,10,authors_clusters
-0.758476156871979,9.36217222183002,22.7957832018798,5.26369703344833e-06,0.004264471879932,Nts,31,P.man,10,authors_clusters
-6.15171345478403,10.275955312433,1266.2598669935,1.67367078782365e-36,7.175026667399989e-33,Xist,26,P.man,12,authors_clusters
-1.55985153655719,6.97159091833421,28.4083559304199,2.51088745931407e-06,0.0041690193589,Srrd,26,P.man,12,authors_clusters
0.983753813083765,8.38918727304963,27.9640486257693,2.91743831973415e-06,0.0041690193589,Gtf2a2,26,P.man,12,authors_clusters
-0.639690378590449,8.75810538439056,20.9153172598453,3.32571767571106e-05,0.0356433791894333,Tsix,26,P.man,12,authors_clusters
-4.9124814822767,10.3196411681642,913.595954028606,1.50258581511202e-45,1.13189789452388e-41,Xist,18,P.man,11,authors_clusters
-1.12664493695117,7.71364689047566,50.4631396839004,4.46209921093951e-10,1.68064966780037e-06,Tsix,18,P.man,11,authors_clusters
2.05973772436582,5.880756070232,36.0109934894902,5.25472000671393e-08,0.0001319460193685,Gm26699,18,P.man,11,authors_clusters
0.777207769766895,8.29535446398806,31.8149992726064,2.46719634069862e-07,0.0004033500482304,Gtf2a2,18,P.man,11,authors_clusters
-1.88557185401795,6.11943441820571,31.5255168211076,2.67722055111133e-07,0.0004033500482304,Tubb2a,18,P.man,11,authors_clusters
2.17538600911357,5.46131924877927,30.8402630277779,3.4728017169998e-07,0.0004360102555693,Chdh,18,P.man,11,authors_clusters
-0.865653810260747,7.43501678884077,26.4972604761788,1.84387536964626e-06,0.0019216223204073,Mest,18,P.man,11,authors_clusters
-0.545709303137994,9.39845749324286,26.2364606780969,2.04075116995335e-06,0.0019216223204073,Arhgap21,18,P.man,11,authors_clusters
1.14166700342361,6.81647496714819,22.7717329947772,8.0837808094062e-06,0.0060983922219846,D830024N08Rik,18,P.man,11,authors_clusters
-1.25566654847024,6.39224197966543,22.7688844241915,8.09556912516215e-06,0.0060983922219846,Srrd,18,P.man,11,authors_clusters
0.569398628267634,9.45501454489489,21.1242910019951,1.58410038293404e-05,0.0108482074405837,Grid2ip,18,P.man,11,authors_clusters
0.916817181521973,6.82975823206391,19.5062621498761,3.10911736171376e-05,0.0195174842381582,Nsun6,18,P.man,11,authors_clusters
-4.55525418732304,9.61300507589108,397.809209483422,7.14555759158394e-46,3.29838938427515e-42,Xist,36,P.man,9,authors_clusters
1.98483989324602,6.9478665506337,30.4641460141978,1.27837913724133e-07,0.0002950499048752,Lmo3,36,P.man,9,authors_clusters
1.18018445909158,8.11062162870054,26.8570482558687,6.31385627376682e-07,0.0009714920186569,Gtf2a2,36,P.man,9,authors_clusters
0.746630168843285,10.0553621316737,21.9647006924736,5.77043450854932e-06,0.0066590814228659,Penk,36,P.man,9,authors_clusters
3.27345145408404,6.02682574169227,21.0209871337804,8.78985380634069e-06,0.0081147930340137,Ebf1,36,P.man,9,authors_clusters
-6.59266797456103,9.8312946368084,1020.18285092537,9.32793310087945e-51,6.25811031738003e-47,Xist,25,P.man,9,authors_clusters
1.09511251152063,8.12393741038646,38.3267174354648,1.78696441238304e-08,5.99437212133892e-05,Gtf2a2,25,P.man,9,authors_clusters
-1.89938575239675,6.51494171235323,27.979479428282,8.51027916329112e-07,0.001903182096884,Tubb2a,25,P.man,9,authors_clusters
-1.76203139652695,6.53080612245628,26.7888712453995,1.38294356207954e-06,0.0023195420894979,Srrd,25,P.man,9,authors_clusters
-5.84802362930108,10.1604692031443,840.451657508534,1.25190068480911e-27,1.1960659142666201e-23,Xist,10,P.man,9,authors_clusters
-2.85962087445842,6.89589738799673,153.272113555925,6.037492327790761e-15,2.8841100849856498e-11,Tsix,10,P.man,9,authors_clusters
2.21464751879972,6.19219219631488,72.937402721767,1.71301345911703e-10,5.45537686280136e-07,Gm26699,10,P.man,9,authors_clusters
-2.78266563198889,5.62701133227184,57.4578526591333,2.57662233875985e-09,6.1542624561279e-06,Tubb2a,10,P.man,9,authors_clusters
0.870959773161407,7.99383058136778,39.0492057191148,2.52741624767224e-07,0.0004383513911477,Gtf2a2,10,P.man,9,authors_clusters
1.5272657860799,6.16310982610336,38.73412914075,2.75288711208572e-07,0.0004383513911477,D830024N08Rik,10,P.man,9,authors_clusters
-1.51358779995362,6.06876536754338,38.0232629191061,3.28955161267423e-07,0.0004489768015355,Pacsin2,10,P.man,9,authors_clusters
-1.46971405350369,6.50612717741465,34.9137008628442,7.43214727568422e-07,0.0008875841883985,Srrd,10,P.man,9,authors_clusters
-5.91332786004737,4.14213236137995,31.3526837354373,2.54870416486952e-06,0.0027055910656848,Naip6,10,P.man,9,authors_clusters
-5.76987291509836,4.07100838292721,28.3931934123409,5.81683966295696e-06,0.005557408613989,Jpx,10,P.man,9,authors_clusters
0.768225315313537,9.74400307413806,26.345408688388,8.62585021013008e-06,0.0074919429915984,Grid2ip,10,P.man,9,authors_clusters
0.727431568371145,8.03095636245854,22.2768378166949,3.13344199450865e-05,0.024947420679613,Mir99ahg,10,P.man,9,authors_clusters
0.795975957584312,7.32356486557472,21.9017409814323,3.54624706717793e-05,0.0260621880613984,Col4a4,10,P.man,9,authors_clusters
-0.798701571611552,7.08134803538096,21.2903166142128,4.34583650458907e-05,0.0296572299748886,Gm32647,10,P.man,9,authors_clusters
1.48571932258637,5.75019842502788,20.230301284535,6.02261465811468e-05,0.0383600402957517,Rcsd1,10,P.man,9,authors_clusters
-4.41053158556346,9.57785545776109,446.061681484831,5.86235644413e-25,5.01231475973115e-21,Xist,3,P.man,10,authors_clusters
0.927543441864099,7.98265998153046,69.926187515304,1.04383963041657e-10,4.46241442003085e-07,Gtf2a2,3,P.man,10,authors_clusters
-1.62817580348621,6.59484521300089,66.384972614352,2.13806294897634e-10,6.09347940458256e-07,Srrd,3,P.man,10,authors_clusters
-2.3941681475836,6.40933351796,58.1751255235991,1.0618622866715102e-09,2.26973063776036e-06,Tubb2a,3,P.man,10,authors_clusters
-0.815766495852355,8.40637282611206,48.9579477020312,1.03846747189956e-08,1.77577937694825e-05,Tac1,3,P.man,10,authors_clusters
2.25928130632497,5.33678767200729,46.9979395481594,1.68255426096328e-08,2.39763982187268e-05,4933412L11Rik,3,P.man,10,authors_clusters
-0.695393893000784,7.59635632875701,28.0541168519304,3.42053549774934e-06,0.0041779397865366,Tsix,3,P.man,10,authors_clusters
-1.59733660756801,5.08044776722032,23.1179963749663,1.67597030837241e-05,0.0179119326707302,Gm26538,3,P.man,10,authors_clusters
-1.06814232627907,5.81751735022094,21.897773595677,2.66502429700864e-05,0.0253177308215821,Tspan33,3,P.man,10,authors_clusters
-7.30061229374224,9.90614940618474,3182.57036400879,8.13532122300995e-38,7.1916239611407894e-34,Xist,0,P.man,10,authors_clusters
1.357933567163,8.27413394784354,171.169612286417,1.4909394803300902e-15,6.589952503058979e-12,Gtf2a2,0,P.man,10,authors_clusters
-2.50608901032127,5.72589219654064,121.677006553298,1.85766729533098e-13,5.47392629690861e-10,Tubb2a,0,P.man,10,authors_clusters
-1.539340132487,6.21126381686205,80.750462768327,6.871475553341649e-11,1.51859609728851e-07,Srrd,0,P.man,10,authors_clusters
1.98038474189322,6.27944818509038,59.8811236185568,2.77488451691725e-09,4.90599582590969e-06,Gm26699,0,P.man,10,authors_clusters
3.35764678111073,4.31189445314251,38.077127430509,2.34095120151915e-07,0.0003449001436904,Mastl,0,P.man,10,authors_clusters
1.69187868915816,5.38804406086681,36.2553938032021,5.46840966942353e-07,0.00069058202111,Arl5b,0,P.man,10,authors_clusters
-0.627870499444128,7.83215542678709,32.4672601645725,1.54055499355219e-06,0.0017023132678751,Tsix,0,P.man,10,authors_clusters
1.07502380953228,7.11778137279897,31.7561766590785,1.87649106802855e-06,0.0018431312268191,D830024N08Rik,0,P.man,10,authors_clusters
-1.82120735603737,4.72946616720771,30.6213154890337,2.5833921824412e-06,0.002283718689278,Gm26538,0,P.man,10,authors_clusters
1.76244013983782,5.03536946263272,26.7578914259355,7.61248062541073e-06,0.0061176662480573,Chdh,0,P.man,10,authors_clusters
0.590638536608207,7.86413971686074,26.0558064131883,9.87640740664765e-06,0.0072756201228971,Sh3bgrl,0,P.man,10,authors_clusters
0.811676901412646,6.24443573982055,20.9486909116631,5.04605433482018e-05,0.0331679178949678,Abcf1,0,P.man,10,authors_clusters
0.770372022171521,6.45292123384137,20.8285930763574,5.25283767567363e-05,0.0331679178949678,Tmem237,0,P.man,10,authors_clusters
-1.1223763969504,6.20637547115572,19.7102409326504,7.66931278269893e-05,0.045197816666039,AC147615.2,0,P.man,10,authors_clusters
-4.62744856582994,9.81326823296163,340.232035619397,2.02255847618443e-23,8.755655643402391e-20,Xist,33,P.man,10,authors_clusters
1.64267605700881,8.06373087454479,32.7968439589758,6.54204740624403e-07,0.0014160261610815,Tac1,33,P.man,10,authors_clusters
-4.77483188545924,10.031117212069,904.31016610319,4.35575780333605e-31,3.80649674433537e-27,Xist,19,P.man,9,authors_clusters
1.39481363995306,8.13463986052259,117.382833869331,4.9396976936562505e-14,2.1584009072431002e-10,Gtf2a2,19,P.man,9,authors_clusters
-3.23732912240642,4.97310859269215,33.3189874109363,5.871206623085e-07,0.0014641739373448,Jpx,19,P.man,9,authors_clusters
-1.43198631321289,6.47184879953936,33.5522974525528,6.70179168026038e-07,0.0014641739373448,Srrd,19,P.man,9,authors_clusters
-2.59976765992204,5.27384132601145,31.3641601951879,1.1449691187955e-06,0.0020011770258307,Gm26538,19,P.man,9,authors_clusters
-1.79395989799165,6.36670805898398,30.8536931435081,1.4565565394998e-06,0.0021214745997814,Tubb2a,19,P.man,9,authors_clusters
-0.746839284657094,8.2611032042985,26.6086190395532,5.62975286665678e-06,0.0070283443288162,Zmynd8,19,P.man,9,authors_clusters
2.32739796725743,5.286280273383,26.1035990154788,6.63695149149608e-06,0.007250039885523,4933412L11Rik,19,P.man,9,authors_clusters
-0.647781019402097,8.22598741333455,23.7875106527408,1.42830606830013e-05,0.0138688519231943,Tsix,19,P.man,9,authors_clusters
-1.39841042701866,5.95790215249773,22.3219903739713,2.35512547216067e-05,0.0205814415012121,AC107763.1,19,P.man,9,authors_clusters
-4.80076673034662,9.56876344591587,874.542460812169,7.13916984522471e-42,6.29175038459654e-38,Xist,11,P.man,11,authors_clusters
1.05074323469711,8.00337285611898,60.2992426546885,4.3261464812413894e-11,1.90631644695902e-07,Gtf2a2,11,P.man,11,authors_clusters
-1.69473124631325,6.38590614625257,53.6600884663408,2.84269817955856e-10,8.35089968548321e-07,Srrd,11,P.man,11,authors_clusters
-1.78140594918378,6.1822661783537,36.4390201619389,6.03590227599388e-08,0.0001329860168958,Tubb2a,11,P.man,11,authors_clusters
1.98332053590643,5.78155555111532,35.1643341608656,9.41962002467788e-08,0.0001660302225549,4933412L11Rik,11,P.man,11,authors_clusters
-0.926847863978973,7.38388009325632,33.9724378713947,1.47823168477924e-07,0.0002171275972993,Tsix,11,P.man,11,authors_clusters
2.33026381198532,4.90372101202727,26.476904118493,2.13081099636083e-06,0.0026826910444182,Chdh,11,P.man,11,authors_clusters
1.88501804136651,4.93530855227645,21.3311085006674,1.66987879735439e-05,0.0183958023013553,Gm20342,11,P.man,11,authors_clusters
-1.3567040444213,5.60331441431045,20.8688896538728,1.99580626566765e-05,0.0195433784659212,AC107763.1,11,P.man,11,authors_clusters
-0.526804460959272,8.98415517920507,20.3900540823486,2.42706877490936e-05,0.021135703043771,Penk,11,P.man,11,authors_clusters
1.51413345211794,5.5652753004085,20.1875957020444,2.63806573790402e-05,0.021135703043771,Gm26699,11,P.man,11,authors_clusters
-0.543525161192815,8.38390029876524,19.1845301829152,3.9765926531358e-05,0.0292047592100715,Got1,11,P.man,11,authors_clusters
0.611461013694228,7.98611763068911,18.8403684897514,4.58515990397583e-05,0.0310838571028761,Prmt9,11,P.man,11,authors_clusters
-0.538115303947098,8.29585332797168,18.3095923966569,5.71839325465749e-05,0.0359972855380689,Mest,11,P.man,11,authors_clusters
-6.64185362477481,10.1575896409493,1269.1686538098,2.43692933710362e-38,1.58449145498478e-34,Xist,6,P.man,11,authors_clusters
2.58764677286269,6.86922738572063,81.7666256528669,1.38483560047281e-12,4.50210053713709e-09,Gm26699,6,P.man,11,authors_clusters
1.00590945872215,8.36925199554223,40.2272048450178,5.43993899386818e-08,0.0001179016111271,Gtf2a2,6,P.man,11,authors_clusters
-1.11691382616517,7.62884175964556,33.8329104069522,3.70022220408736e-07,0.0006014711192744,Tsix,6,P.man,11,authors_clusters
-1.22114139771303,7.50520351551226,31.3624563918099,8.08638536889073e-07,0.0010515535533705,Nts,6,P.man,11,authors_clusters
0.924734445743467,8.75870164377005,28.0338746659113,2.38228622334031e-06,0.0023948200105059,Grid2ip,6,P.man,11,authors_clusters
1.30440002648378,6.95150852311014,27.5091224368053,2.79466069619621e-06,0.0023948200105059,D830024N08Rik,6,P.man,11,authors_clusters
-1.23388776472519,6.75112256517551,27.4497950105978,2.94656414703899e-06,0.0023948200105059,Stk38,6,P.man,11,authors_clusters
-1.27214562380832,6.54382808909687,24.7749564021639,7.39874512271084e-06,0.0053451823097628,Srrd,6,P.man,11,authors_clusters
-1.30899117979423,6.76078517945552,22.7407984702897,1.47299497261833e-05,0.0095774133119643,Foxp2,6,P.man,11,authors_clusters
0.809773376702646,7.92529863069951,20.0120092100392,4.19123003251041e-05,0.024773979701257,Peg10,6,P.man,11,authors_clusters
-0.774758889720267,8.11451615328678,18.2370924388463,8.27167168589108e-05,0.0448186744180532,Bcl11a,6,P.man,11,authors_clusters
-5.79585780654743,9.63264926468409,521.419982812151,6.465042609820221e-112,4.3710153084994496e-108,Xist,32,P.man,7,authors_clusters
-2.55499593092497,6.71062442006748,41.7500973975492,1.09679732008146e-10,3.70772334053538e-07,Srrd,32,P.man,7,authors_clusters
-1.99168089864093,6.46113437767559,20.5976282073259,5.7479682379228e-06,0.0129540044188654,Tubb2a,32,P.man,7,authors_clusters
2.10732343875059,6.03273646850734,19.0916296646981,1.26136213521713e-05,0.0213201734905075,4933412L11Rik,32,P.man,7,authors_clusters
-7.1395558551225,10.6154607271259,1432.70415346222,5.1639201145439796e-33,2.23597740959754e-29,Xist,20,P.pol,12,authors_clusters
-3.78965722659614,8.33672539321673,168.019230236017,2.32187492912569e-16,5.02685922155711e-13,Gm28040,20,P.pol,12,authors_clusters
-1.52256543341787,8.24915272866528,70.6328613557621,3.21639951456056e-10,4.6423366326824e-07,Tsix,20,P.pol,12,authors_clusters
-1.29338575360244,8.98047206697769,28.1018009085551,5.07221936756719e-06,0.0047812780770116,Nfic,20,P.pol,12,authors_clusters
0.362665733519019,13.7272141467243,27.8155036201344,5.52110632449384e-06,0.0047812780770116,Snhg11,20,P.pol,12,authors_clusters
-5.8178812864415,10.0671190947608,593.96684902343,3.0202054230946e-27,8.83108065712862e-24,Xist,27,P.pol,12,authors_clusters
-6.27801747595993,9.65523092076639,1761.24762526683,5.1023807372005295e-36,4.09619125582459e-32,Xist,5,P.pol,12,authors_clusters
0.974385859020068,7.67150574737336,47.6557309805283,1.95365378888327e-08,7.84196630857745e-05,Nrip1,5,P.pol,12,authors_clusters
-3.183920818131,4.44499754873861,35.7211066115184,2.95282576409918e-07,0.0007901761744729,Jpx,5,P.pol,12,authors_clusters
-1.00425240757973,6.90645305989938,31.049053442536,1.61594651787991e-06,0.0032432046613849,Col11a1,5,P.pol,12,authors_clusters
0.439045082804782,10.2137431203369,30.1922735745115,2.0821575058658e-06,0.0033431120914181,Nrxn3,5,P.pol,12,authors_clusters
0.33461466672248,13.8705143062458,29.427802580874,2.62265514039748e-06,0.0035091125778518,Snhg11,5,P.pol,12,authors_clusters
0.588469573384506,8.36397207732314,27.4176584627542,4.87402508354833e-06,0.0055898104815322,Ecel1,5,P.pol,12,authors_clusters
0.46241407367442,9.82207904169701,26.3365641253358,6.85604453684715e-06,0.0068800406927261,Lrp1b,5,P.pol,12,authors_clusters
-0.601579898076445,8.90754064558003,25.7003166287681,8.40407333728172e-06,0.0074964334168553,C130073E24Rik,5,P.pol,12,authors_clusters
-1.14226844425417,8.86108858261638,25.3060590526736,9.54403682568271e-06,0.007661952763658,Nfic,5,P.pol,12,authors_clusters
0.709918048018983,7.49160187573497,23.7494258474425,1.5902973379846e-05,0.0114583840574103,Elmo1,5,P.pol,12,authors_clusters
0.599873028988528,8.21835883873475,23.5253223623194,1.71276293832739e-05,0.0114583840574103,Dlgap1,5,P.pol,12,authors_clusters
-1.49553238802551,6.06771810839733,23.2888370810606,1.8580066775251e-05,0.0114739058516704,Gm34066,5,P.pol,12,authors_clusters
0.694003254269322,7.511193362989,22.2018802829783,2.6755940948417e-05,0.0153426209952779,Sgcd,5,P.pol,12,authors_clusters
1.58018629364137,5.39054565056623,21.121957766799,3.68754226916318e-05,0.0197357262245613,Hexim2,5,P.pol,12,authors_clusters
-0.600272295137648,9.08096617322582,20.7433918605562,4.42506782670243e-05,0.0205500182138329,Gal,5,P.pol,12,authors_clusters
1.0167843088858,6.67788964255567,20.6612638867177,4.56312764520889e-05,0.0205500182138329,Col25a1,5,P.pol,12,authors_clusters
-0.352660007070489,10.4346156700949,20.6278016393678,4.60762740220468e-05,0.0205500182138329,Epha5,5,P.pol,12,authors_clusters
0.730715117729825,7.2575805835755,19.7590600286556,6.26443926054609e-05,0.0264689044124547,Dync2h1,5,P.pol,12,authors_clusters
-0.484451966123882,8.26223464480889,18.2435632101763,0.0001081701326931,0.0434194912630188,Tsix,5,P.pol,12,authors_clusters
-6.35283171221701,9.99124590774228,1607.67445697358,2.8156772971729995e-38,1.40474140355961e-34,Xist,9,P.pol,12,authors_clusters
3.33224042453246,8.00398798214893,178.328393346366,9.740718764730479e-18,2.42982229586202e-14,Dcn,9,P.pol,12,authors_clusters
-1.34972618770237,9.78253432042654,162.642979966918,5.7981121905711e-17,9.64226057291975e-14,Sst,9,P.pol,12,authors_clusters
1.20124810796085,9.02321915809139,89.2636192446978,1.71514688270366e-12,2.1392169494521403e-09,Cck,9,P.pol,12,authors_clusters
1.75301392305038,7.62142438185114,66.1201408914537,1.49565785104332e-10,1.49236740377103e-07,Ecel1,9,P.pol,12,authors_clusters
-1.18620100764342,7.78141118729235,55.1913628260677,1.70715869199825e-09,1.41950245239654e-06,Tsix,9,P.pol,12,authors_clusters
0.524556852212677,13.7287000972361,54.52319471706,1.99797786562448e-09,1.4239873673715e-06,Snhg11,9,P.pol,12,authors_clusters
-1.01191509260611,8.02767267645049,40.8002909673332,6.62630335792062e-08,4.13232843158325e-05,Crhbp,9,P.pol,12,authors_clusters
0.88132907605592,8.19050524903851,29.7956343940812,1.70327154394387e-06,0.0009441801925262,Brinp2,9,P.pol,12,authors_clusters
-1.27436625524153,8.34559668095528,26.3209852465852,5.26276987386277e-06,0.0026255958900701,Nfic,9,P.pol,12,authors_clusters
-1.56531438172173,6.20791066749779,23.8104510894392,1.23148993921436e-05,0.0055853666424912,Npy,9,P.pol,12,authors_clusters
-0.431504984691547,9.96865483644614,20.7085995532817,3.70281375199832e-05,0.015394448173933,Pcdh9,9,P.pol,12,authors_clusters
-0.867408369733646,7.09452440728524,19.256447278392,6.32153998868157e-05,0.0242601253873326,Tmem176b,9,P.pol,12,authors_clusters
1.37340408267205,6.32986806144115,18.1706896950257,9.28594292162374e-05,0.0330911208828435,Tmtc1,9,P.pol,12,authors_clusters
-1.0965762254705,6.38135440576869,17.4325556000347,0.0001259861938467,0.0391143473960911,Serpinb1a,9,P.pol,12,authors_clusters
0.959096430018057,7.16065790499408,17.3064537872736,0.0001323005437004,0.0391143473960911,Crim1,9,P.pol,12,authors_clusters
1.06147263847643,6.6829491175696,17.2873908031402,0.0001332820015501,0.0391143473960911,Dock4,9,P.pol,12,authors_clusters
-6.88337403589838,10.8570540191972,1536.5587805481,7.01205052051419e-44,3.2388661354255e-40,Xist,15,P.pol,12,authors_clusters
-2.22885323630467,8.19136052040794,135.911313715845,1.01701548847499e-16,2.34879727063299e-13,Tsix,15,P.pol,12,authors_clusters
-5.67762457442543,8.32915253999228,129.917527665656,3.9227002531822097e-16,6.03965082314955e-13,Gnrh1,15,P.pol,12,authors_clusters
0.606891657482785,12.8377588477073,45.9122473702328,7.592480705548561e-09,8.7674170947322e-06,Snhg11,15,P.pol,12,authors_clusters
-1.27478169961351,8.7497184948046,37.5356522955521,9.00063607831346e-08,8.31478760914597e-05,Nfic,15,P.pol,12,authors_clusters
0.785652503148598,8.88183626494228,26.3587691214204,3.58800069739197e-06,0.0027621625368755,Pde10a,15,P.pol,12,authors_clusters
0.691587900605172,9.2611154505081,22.4252142412168,1.49597674260419e-05,0.0098713093915553,Cck,15,P.pol,12,authors_clusters
1.00279039029748,7.84199844666095,21.59803776086,2.04178988106495e-05,0.0117887843257988,Rgs16,15,P.pol,12,authors_clusters
0.494687484241331,9.67964149794901,18.9465796534796,5.66097272635147e-05,0.0290533700255749,Gad2,15,P.pol,12,authors_clusters
-5.14218741059117,10.2222538610429,569.20803215794,1.79393552369981e-28,9.02349568421002e-25,Xist,16,P.pol,12,authors_clusters
-1.05743635639902,9.07419162324091,25.7557069161774,6.08952888206843e-06,0.0153151651384021,Nfic,16,P.pol,12,authors_clusters
-5.49091381034259,10.4548180669888,684.028922026626,3.38354474557492e-31,1.28033333172555e-27,Xist,23,P.pol,12,authors_clusters
-1.38360001185041,8.03568293083326,44.309176660813,1.9084519236806e-08,3.61079103960369e-05,Tsix,23,P.pol,12,authors_clusters
-6.02722373568038,9.40530370226762,341.120404530117,2.45019189267612e-17,6.46850659666496e-14,Xist,13,P.pol,8,authors_clusters
-5.32951017550739,9.83542958847395,334.752567880575,8.599154978513441e-20,3.91347543072147e-16,Xist,35,P.pol,9,authors_clusters
-6.31319213651604,10.6158323055997,620.732891363625,3.26181288423062e-28,1.12565162634799e-24,Xist,29,P.pol,11,authors_clusters
-1.26035839594471,8.96030534919476,28.3820569810932,3.37846942607385e-06,0.0058295489946904,Nts,29,P.pol,11,authors_clusters
-1.26745376444123,10.0086934407877,26.3755441088264,6.37950435260462e-06,0.0073385565069461,Cartpt,29,P.pol,11,authors_clusters
1.39467652633814,8.26774973719686,23.9955417393612,1.39044499643578e-05,0.0119960642067497,Junb,29,P.pol,11,authors_clusters
-1.24267193502499,8.43397799770274,23.0515986373047,1.91447730470766e-05,0.0132137223570923,Tsix,29,P.pol,11,authors_clusters
-5.59303717556507,9.46684750837762,1583.34810890089,3.12747502438801e-33,2.48290242186164e-29,Xist,1,P.pol,12,authors_clusters
1.39242245039946,7.06299251788145,29.0668453070386,3.59966731097858e-06,0.0142888793909295,Gm43320,1,P.pol,12,authors_clusters
-0.590590896247918,7.68249602027564,23.824687572575,1.80775560752594e-05,0.0407937824052654,Tsix,1,P.pol,12,authors_clusters
-0.589131151158822,8.34795938385632,23.4278643494358,2.05536124979294e-05,0.0407937824052654,Nosip,1,P.pol,12,authors_clusters
-5.35460206844987,9.53747945625773,664.648475943111,4.8546277342794095e-28,2.66470516334597e-24,Xist,22,P.pol,12,authors_clusters
-1.73116554888682,7.11519019334378,47.5871619766125,1.86592501681242e-08,5.12103120864169e-05,Tsix,22,P.pol,12,authors_clusters
1.16011923968622,8.95764690722881,28.558057703776,3.33217835544937e-06,0.0060967756643538,Npy,22,P.pol,12,authors_clusters
1.62168595698614,6.76569456346477,22.6132772604209,2.22800704660637e-05,0.030573826697056,Trh,22,P.pol,12,authors_clusters
-6.00102650833897,9.37303101405707,1657.01097138975,1.1828341253959599e-34,1.0529589384274799e-30,Xist,2,P.pol,12,authors_clusters
-3.25851475186169,5.89550155058762,138.293242577017,9.196516567736471e-15,4.0933695242995e-11,Tsix,2,P.pol,12,authors_clusters
-4.20576692358608,3.88409649003128,40.0531229438924,1.10185020616134e-07,0.0003269556845082,Jpx,2,P.pol,12,authors_clusters
0.314522478354602,13.7187424444698,25.3030642364091,1.03326649392449e-05,0.0229953458222895,Snhg11,2,P.pol,12,authors_clusters
-0.681608804239508,7.16900286731916,24.5674640905901,1.3088650534074e-05,0.0233030334108653,Insig1,2,P.pol,12,authors_clusters
-5.05719226629419,9.97804824433317,284.493053233026,1.11880314163675e-20,2.8272155389160703e-17,Xist,37,P.pol,11,authors_clusters
-6.5507439563932,9.73196085041925,1083.20785268082,1.18727207544358e-35,5.90430403118093e-32,Xist,17,P.pol,12,authors_clusters
-1.83842746383847,7.1469939741497,54.4009103508019,1.9157481442342202e-09,4.76350776063838e-06,Tsix,17,P.pol,12,authors_clusters
-1.06520426052239,8.98975552265266,28.6669731493798,2.3745177053664e-06,0.0039361588495957,Nfic,17,P.pol,12,authors_clusters
1.35825540284885,7.43033532099103,22.1518185569656,2.10010718111777e-05,0.0261095825292467,Gm43320,17,P.pol,12,authors_clusters
-6.42206634257676,9.46792819880498,880.994573556237,8.919543627916009e-42,4.90842485844218e-38,Xist,21,P.pol,12,authors_clusters
-3.33338955212236,6.76818105493025,90.3292631226221,5.63971155043798e-14,1.55176663310301e-10,Vip,21,P.pol,12,authors_clusters
1.60803361720015,7.01147537315243,30.8691698918137,4.96357677682109e-07,0.0009104854334282,Gm43320,21,P.pol,12,authors_clusters
0.328621641055661,13.228283670614,19.8996206092248,3.19029158037625e-05,0.0438904364170262,Snhg11,21,P.pol,12,authors_clusters
-5.38299590236674,9.85668298994196,1725.98451986658,2.50224139865437e-39,1.97501913595789e-35,Xist,4,P.pol,12,authors_clusters
-0.927864308591034,7.6132561314259,49.0139014586248,7.222944045332981e-09,2.85053486749066e-05,Tsix,4,P.pol,12,authors_clusters
0.718024635733359,8.07970864119266,32.8387040422632,6.39648895320468e-07,0.0016829162435881,Tmod2,4,P.pol,12,authors_clusters
-5.72589788293844,10.4049167458016,514.728112748538,3.34897651862631e-32,9.658448279718279e-29,Xist,38,P.pol,11,authors_clusters
0.791240924338824,12.4716070882438,53.0118210846936,6.65941973447776e-10,9.60288325711692e-07,Snhg11,38,P.pol,11,authors_clusters
-5.62220460906661,10.1446051371671,938.392843872184,5.5631426723991705e-31,3.64719633602489e-27,Xist,14,P.pol,11,authors_clusters
-0.8354293796082,8.2244868030639,26.162811746006,6.80106782335255e-06,0.0222939003249497,Tsix,14,P.pol,11,authors_clusters
-5.8108280996585,9.67310076775255,1180.69762729221,6.82185766667925e-33,4.11903765914093e-29,Xist,7,P.pol,12,authors_clusters
-5.39326373677742,10.4527252906206,834.608305211993,1.47946716763725e-25,1.09095908941571e-21,Xist,12,P.pol,10,authors_clusters
-1.12988196963788,8.00488808511903,46.9894227818197,6.73211900220339e-08,0.0002482132276112,Tsix,12,P.pol,10,authors_clusters
0.627368647227323,11.9493401130189,26.5873295160456,1.06880172881889e-05,0.0262711464943684,Snhg11,12,P.pol,10,authors_clusters
-4.76624475921695,10.7023382590127,507.409985763142,1.1522040016060999e-29,2.3251476752411098e-26,Xist,34,P.pol,10,authors_clusters
-1.59850264365257,8.26003026173056,28.7817938358462,1.57352798414765e-06,0.0015876897360049,Tsix,34,P.pol,10,authors_clusters
1.53521911050009,8.33563179279451,24.9135948917951,6.23829950835357e-06,0.0041962961359525,Ralyl,34,P.pol,10,authors_clusters
-1.106987000763,9.8483648511346,20.3700139557002,3.34866500973163e-05,0.0168940149740961,Nfic,34,P.pol,10,authors_clusters
0.522997161263929,14.3455146319135,19.6815174341354,4.3618377873047e-05,0.0176043773095618,Snhg11,34,P.pol,10,authors_clusters
-6.64941023496113,10.3202397424899,1003.96534624084,1.8689279885491798e-30,8.89422829750557e-27,Xist,28,P.pol,10,authors_clusters
-1.10248348105887,8.6643388192125,40.0280071758583,1.77583770534747e-07,0.0004225605819874,Nosip,28,P.pol,10,authors_clusters
-1.44029557749966,8.04519900760872,38.356245636304,2.7349909093621e-07,0.0004338607245884,Tsix,28,P.pol,10,authors_clusters
0.580767077506996,9.80478532354362,22.1054516756004,3.15751350487597e-05,0.0375665169242619,Lrp1b,28,P.pol,10,authors_clusters
-5.50889502949514,9.45445773107081,533.22636954292,1.27474578936872e-21,6.31126640316455e-18,Xist,30,P.pol,10,authors_clusters
-5.60882311133028,10.1909611578993,549.240316973799,2.2470828565559501e-32,5.835674178475789e-29,Xist,31,P.pol,11,authors_clusters
-1.81956459125913,9.39761865158088,75.6989207190096,3.21982398423736e-12,4.18094144353221e-09,Nfic,31,P.pol,11,authors_clusters
-4.798430615354,10.2659857852204,599.829313119484,5.15712277091204e-26,2.04686202777499e-22,Xist,26,P.pol,12,authors_clusters
-6.2513018790265,10.340787604274,1027.39971095823,2.8092535417015498e-30,1.5804860425612898e-26,Xist,18,P.pol,12,authors_clusters
-1.16307804597334,7.71452482407597,44.7392651409143,5.21234061105286e-08,0.0001466231413889,Tsix,18,P.pol,12,authors_clusters
-6.55497926261622,9.56277806198408,252.703567801336,9.094196464413561e-20,3.01108844936733e-16,Xist,36,P.pol,7,authors_clusters
-5.1288917099428,10.3855396293083,475.176905060715,4.54992582267811e-27,1.27306924518534e-23,Xist,25,P.pol,10,authors_clusters
-0.860190308584365,10.5154779729316,51.07314699815,3.9638636254806605e-09,5.54544521204745e-06,Ptgds,25,P.pol,10,authors_clusters
-1.46468147767585,8.71308310295938,36.0692821496519,2.25009453868657e-07,0.0002098588173081,Nfic,25,P.pol,10,authors_clusters
0.349761483158905,13.8099854846557,24.2959054239591,9.88635822436803e-06,0.0069155075779454,Snhg11,25,P.pol,10,authors_clusters
-0.895951488031228,8.70830723364957,22.9289542372299,1.59738073449181e-05,0.0089389425902161,Tsix,25,P.pol,10,authors_clusters
-0.838420036439653,8.92483972838523,21.5158053034759,2.64930710353933e-05,0.0123546021261717,Nosip,25,P.pol,10,authors_clusters
-6.15079902368606,10.0662500365667,1232.87780500868,1.16468569383505e-30,1.0235257877422399e-26,Xist,10,P.pol,11,authors_clusters
-3.4161886586558,6.8446688932013,172.85730847932,9.47114530720693e-16,4.16162124798673e-12,Tsix,10,P.pol,11,authors_clusters
-2.89826109357085,5.25518421568775,31.5242604974393,1.60255030114316e-06,0.004694404015482,Col9a2,10,P.pol,11,authors_clusters
-3.40693301065367,4.52811398673599,28.6677622307254,3.15512333833662e-06,0.0066666245514934,Jpx,10,P.pol,11,authors_clusters
4.24326399913352,4.34158785481239,29.5396615897484,4.53261961519885e-06,0.0066666245514934,Tagln,10,P.pol,11,authors_clusters
3.48326094895226,4.55774739771363,29.4017508955165,4.55163260229414e-06,0.0066666245514934,Acta2,10,P.pol,11,authors_clusters
0.444461150350461,13.3907494154683,27.8051989439937,5.55676797443308e-06,0.0069761252799025,Snhg11,10,P.pol,11,authors_clusters
-4.95020517142199,9.33113393048252,1138.01003500816,5.36298649524364e-32,3.9841626673165e-28,Xist,3,P.pol,12,authors_clusters
-0.821294210469494,8.31405928967951,46.9513142605551,2.36904129319906e-08,8.7998038835879e-05,Nosip,3,P.pol,12,authors_clusters
-0.932031402812181,7.28496961166624,33.2676013692893,8.57699123603949e-07,0.0021239489297512,Tsix,3,P.pol,12,authors_clusters
-1.14940599598944,8.53013258793001,28.7297249054884,3.28652590234153e-06,0.0061039002321238,Nfic,3,P.pol,12,authors_clusters
-6.30110092850686,9.9409892209138,1990.5611043955,1.3053522668783899e-40,8.08404658877786e-37,Xist,0,P.pol,12,authors_clusters
-0.909891301186512,7.93992710783451,50.4583626067958,5.5182189253147704e-09,1.70871649022372e-05,Tsix,0,P.pol,12,authors_clusters
1.4744219991802,6.22258243151163,32.5222821689922,6.94138916839481e-07,0.0011108489212201,Gm43888,0,P.pol,12,authors_clusters
-1.05678928328679,8.15225741351441,32.6291259382195,7.17486789097436e-07,0.0011108489212201,Dctn1,0,P.pol,12,authors_clusters
-0.911182808248877,6.71762202383201,22.4136229690241,2.02382887594011e-05,0.0250671444573942,Agpat1,0,P.pol,12,authors_clusters
0.254663093945383,13.880198141541,21.4182075321093,2.89079976074875e-05,0.0298378715305283,Snhg11,0,P.pol,12,authors_clusters
-7.48916922199042,9.59474307919371,591.980145795631,2.08911420312122e-29,9.48875671057659e-26,Xist,33,P.pol,10,authors_clusters
-5.19652211873179,9.98952464950457,922.018929516684,2.11248995177283e-25,1.27150770197206e-21,Xist,19,P.pol,11,authors_clusters
-0.643883379425088,9.59245993298692,36.3033419490324,9.79885127942867e-07,0.002948964292544,Ptgds,19,P.pol,11,authors_clusters
-1.39894424264664,8.86499037810911,30.6835734566496,4.05170758429912e-06,0.0081290759832987,Nfic,19,P.pol,11,authors_clusters
-0.742483485420704,8.55969969747279,29.3700384436049,5.74686497078759e-06,0.0085046413029552,Nosip,19,P.pol,11,authors_clusters
-0.841412095804902,8.18066243298825,28.606321256556,7.06482912689424e-06,0.0085046413029552,Tsix,19,P.pol,11,authors_clusters
-5.52526057840529,9.65163411353311,835.00298961984,2.68902959327842e-29,1.51284804917844e-25,Xist,11,P.pol,12,authors_clusters
-1.13532658729052,7.40932595489918,44.1805930881019,4.84380300399538e-08,0.0001362561785023,Tsix,11,P.pol,12,authors_clusters
-1.18734416202082,8.7531603150697,24.7857339283779,1.16012964166311e-05,0.0217562978799889,Nfic,11,P.pol,12,authors_clusters
0.331345148544042,13.8951069878587,23.8247290724957,1.58865642969707e-05,0.0223444526836892,Snhg11,11,P.pol,12,authors_clusters
0.505043635999888,9.61168628428092,21.5820673186952,3.37857818367477e-05,0.0380157617227086,Lrp1b,11,P.pol,12,authors_clusters
1.18323489686853,6.12443096493267,20.3527267732954,5.17235121793738e-05,0.0454350695280725,Pgr,11,P.pol,12,authors_clusters
-0.67204325862775,7.8963556278293,20.1016557644437,5.65313698358527e-05,0.0454350695280725,Syt5,11,P.pol,12,authors_clusters
-6.09435455428016,10.2294587604544,1522.01188221054,7.43908495013357e-41,5.46698352985316e-37,Xist,6,P.pol,12,authors_clusters
-1.99714403471692,7.66486038083547,107.148823726941,2.5646219162762603e-14,9.423703231357119e-11,Tsix,6,P.pol,12,authors_clusters
-5.8379711634294,9.31099762222386,361.316503425184,6.41403860975253e-25,2.49441961533276e-21,Xist,32,P.pol,9,authors_clusters
-1.54115097638079,8.96284877980186,46.6481336390818,1.07355869955067e-08,2.08753489127628e-05,Nfic,32,P.pol,9,authors_clusters
0.472443667692721,13.7147230317332,40.3811020469815,5.96896068084816e-08,7.7377626959395e-05,Snhg11,32,P.pol,9,authors_clusters
-1.22768799445598,8.06640522890041,21.6420360521256,2.41632823591901e-05,0.0205348679995833,Tsix,32,P.pol,9,authors_clusters
-0.919983989465634,8.76519491451018,21.3993904338977,2.64012188217836e-05,0.0205348679995833,Nosip,32,P.pol,9,authors_clusters
1.11222076337477,7.95924349864305,19.7874225316759,4.79430326895618e-05,0.0310750756882843,Edil3,32,P.pol,9,authors_clusters
