logFC,logCPM,F,PValue,FDR,gene,cluster,species,n_samples,analysis
-6.14276076405565,10.1974284300894,1291.47632650987,1.52931288511493e-36,2.65733406917571e-32,Xist,0,P.man,12,my_clusters
-4.34694663604519,7.87015295397006,271.323301813948,7.73171087556785e-21,6.71731040869335e-17,Gm28040,0,P.man,12,my_clusters
-1.20950024202458,8.11259218822021,67.5293951734832,1.1630416081695002e-10,6.73633699451772e-07,Tsix,0,P.man,12,my_clusters
-1.80663099563532,6.51455152489606,52.8443698253907,2.55294026158034e-09,1.1089972496305e-05,Srrd,0,P.man,12,my_clusters
0.983960956157432,8.15190243209206,48.7248589514075,8.53055455840994e-09,2.96453832013862e-05,Gtf2a2,0,P.man,12,my_clusters
2.91226757239415,5.21036997239829,42.0924613269698,3.11559755623169e-08,9.02277052284697e-05,4933412L11Rik,0,P.man,12,my_clusters
-3.46645832743827,4.71789206381839,25.8357930142548,6.40850509653357e-06,0.0159077406510525,Jpx,0,P.man,12,my_clusters
-4.4077695170705,9.85170496496901,488.622660592895,2.40280339055449e-28,4.03791109782682e-24,Xist,3,P.man,12,my_clusters
1.34381145435252,8.11587268754403,55.7628580281997,9.03925429257644e-10,7.59523341933736e-06,Gtf2a2,3,P.man,12,my_clusters
-1.9426557802749,6.51869962655114,37.5916662667411,8.92520213266301e-08,0.000499960072798,Srrd,3,P.man,12,my_clusters
-5.07924550765204,9.42560546075401,579.804500621732,1.62942094028169e-32,2.76740852497443e-28,Xist,4,P.man,12,my_clusters
2.83535206478321,5.5904496318018,33.0596331861732,3.20677436289827e-07,0.0027231927889732,4933412L11Rik,4,P.man,12,my_clusters
2.71191427674854,5.0697594487873,26.6950867349492,2.89875043796286e-06,0.0164107924794538,Chdh,4,P.man,12,my_clusters
0.804586887390239,8.01343557405936,25.2817843436547,5.11364784513127e-06,0.0202053372687989,Dlgap1,4,P.man,12,my_clusters
0.786303808131737,8.03330912602181,24.8618028401373,5.94834469759743e-06,0.0202053372687989,Gtf2a2,4,P.man,12,my_clusters
-4.38526267074509,9.29987264837484,662.067026573322,2.99997981177922e-33,5.23916474329124e-29,Xist,5,P.man,12,my_clusters
1.61142366226339,6.08593564617509,40.949710678966,2.91151741889754e-08,0.0002542337010181,Lmo3,5,P.man,12,my_clusters
1.99523207953513,5.59033364054389,36.3199255772799,1.12470113480144e-07,0.0006547260206057,4933412L11Rik,5,P.man,12,my_clusters
0.904573869160125,7.88934830557384,32.0379640983316,5.16890252886477e-07,0.0022567428441023,Gtf2a2,5,P.man,12,my_clusters
-1.25276388100711,6.54436898901093,28.3483378044674,1.77623302568549e-06,0.0062040267121142,Srrd,5,P.man,12,my_clusters
2.94419153247456,4.88098798695147,23.4228271184534,9.63058153196564e-06,0.028031412645708,Ebf1,5,P.man,12,my_clusters
-5.46854606536651,9.78591803177426,1763.47713242467,5.302821922005991e-44,9.58219921306483e-40,Xist,6,P.man,12,my_clusters
3.19676583354981,6.96616447892326,150.712875604849,9.13528363093857e-18,8.253728760553e-14,Dcn,6,P.man,12,my_clusters
1.56112826664383,8.44629784807961,143.469668229119,4.37694746909283e-17,2.63638135888358e-13,Tac1,6,P.man,12,my_clusters
1.29723635904896,7.77739332298873,77.8721530592589,3.45497298154779e-12,1.56078404441421e-08,Ecel1,6,P.man,12,my_clusters
0.991650105097407,8.048108362185,51.9382175886373,1.5701577732649502e-09,5.67455019257953e-06,Gtf2a2,6,P.man,12,my_clusters
0.803747878562933,8.50437814427381,39.6092933826937,5.02291372883928e-08,0.0001512734184668,Cck,6,P.man,12,my_clusters
0.845266864944986,7.72018785952981,35.5201386241285,1.76462022043828e-07,0.0004555241054759,Sh3bgrl,6,P.man,12,my_clusters
0.388660031192235,13.6753869209434,33.6162582471174,3.22196473915105e-07,0.0007100359160443,Snhg11,6,P.man,12,my_clusters
0.603190417638604,9.06404426898981,33.3270560987636,3.53642680929671e-07,0.0007100359160443,Lrp1b,6,P.man,12,my_clusters
-1.34571295115175,6.17774103833851,30.3799749811228,9.28667439666427e-07,0.0016712743066098,Srrd,6,P.man,12,my_clusters
1.05084545976659,6.79878198345639,30.115821083462,1.01737782914821e-06,0.0016712743066098,Arhgap6,6,P.man,12,my_clusters
1.64485629357115,5.71241965141448,28.6042741724993,1.59142117487106e-06,0.0023964150524933,Etl4,6,P.man,12,my_clusters
1.38931602182694,5.71187284392347,26.5156686728273,3.27592384839957e-06,0.0045535341492754,Prtn3,6,P.man,12,my_clusters
1.27223103609296,6.15382593035959,26.2561151285683,3.73739086204151e-06,0.004823903776935,Unc13c,6,P.man,12,my_clusters
1.69729428342985,5.93127162114704,24.0315922305356,8.20041574409052e-06,0.0095273113122191,4933412L11Rik,6,P.man,12,my_clusters
2.12505203284706,5.08089376131674,23.6831948412203,8.43591483096324e-06,0.0095273113122191,Mapk15,6,P.man,12,my_clusters
1.04724627793446,6.88748737831449,23.1279108166135,1.1806360934773e-05,0.0124897183467784,Sgcd,6,P.man,12,my_clusters
0.927544459022645,6.76136540570167,22.9799219270652,1.24413353758722e-05,0.0124897183467784,Egr1,6,P.man,12,my_clusters
1.09063613945253,6.9471808986188,21.8066874010537,1.92899747007365e-05,0.0183457812022268,D830024N08Rik,6,P.man,12,my_clusters
1.9246474198235,4.82685573545379,20.8140407113861,2.52663216800159e-05,0.0228281216378944,C1ql1,6,P.man,12,my_clusters
-1.46644661181736,5.10738890477366,20.8013927560274,2.77181305234339e-05,0.0238507913599262,Ppp1r35,6,P.man,12,my_clusters
1.05972946184322,6.25110612253919,20.2038001021451,3.53205278133967e-05,0.0290109971630945,Dock4,6,P.man,12,my_clusters
0.880016951354136,6.59397476521828,19.7288995626615,4.24976550019924e-05,0.0333883750385219,Traf3ip1,6,P.man,12,my_clusters
0.509436340631116,8.68545891127863,19.48018172207,4.67682559720872e-05,0.0351394679390012,Adgrb3,6,P.man,12,my_clusters
-0.686144131182516,7.67140819256685,19.3430914321213,4.93307153168662e-05,0.0351394679390012,Tsix,6,P.man,12,my_clusters
0.786814931345777,7.07293609435503,19.2833787898043,5.05603855237427e-05,0.0351394679390012,Elmo1,6,P.man,12,my_clusters
-0.584583796119518,8.03348929934313,19.1455840796994,5.32714988988722e-05,0.0356524438926897,Fstl5,6,P.man,12,my_clusters
0.644514261121136,7.46787955878786,18.9794497138011,5.68775639513041e-05,0.0367063421642881,Brinp3,6,P.man,12,my_clusters
0.449885566183701,8.86452241380419,18.6226346117819,6.53761809843621e-05,0.0398330886713049,Grid2,6,P.man,12,my_clusters
0.6156745153584,7.6985502359,18.5539082644767,6.71843112920533e-05,0.0398330886713049,Sorbs2,6,P.man,12,my_clusters
0.704889499045742,7.20258786745696,18.5129855631836,6.83356806203903e-05,0.0398330886713049,Ryr2,6,P.man,12,my_clusters
0.428935775610883,9.11211554634887,18.3915931684429,7.1604150164549e-05,0.0404339685460437,9330162G02Rik,6,P.man,12,my_clusters
-0.544714082884402,8.00649584032803,18.2234430702613,7.65304895068693e-05,0.0419062407693675,Olfm2,6,P.man,12,my_clusters
1.15102696613246,5.78262060000892,18.0241155884523,8.13032183336814e-05,0.0430480527135373,Sv2c,6,P.man,12,my_clusters
0.572067962962001,7.89973877681549,17.9792148889528,8.43241811882935e-05,0.0430480527135373,Prmt9,6,P.man,12,my_clusters
1.87980833420283,4.77062302002505,17.6151193168524,9.19727549057226e-05,0.0430480527135373,Fam136b-ps,6,P.man,12,my_clusters
0.972320349453907,6.15766796122882,17.7404715845017,9.21460570271017e-05,0.0430480527135373,Ccdc148,6,P.man,12,my_clusters
2.43555544771657,4.50895049869493,17.5342760594804,9.23760906506769e-05,0.0430480527135373,Gm26564,6,P.man,12,my_clusters
1.02421553479798,6.30317177781866,17.6547671590475,9.290946628821e-05,0.0430480527135373,Cartpt,6,P.man,12,my_clusters
-6.52160073385103,10.0981519030738,1186.03740206082,8.855767642051261e-35,1.4825440609558e-30,Xist,8,P.man,12,my_clusters
-1.34608971907816,7.86918348951613,57.2108087210006,2.0524250563442302e-09,1.71798239341294e-05,Tsix,8,P.man,12,my_clusters
-0.617875135065588,14.1303468736528,34.4796698789625,5.69893761789811e-07,0.0031801971553744,Oxt,8,P.man,12,my_clusters
1.46920726177821,6.63203294739981,31.9289796232882,1.14886978224275e-06,0.0048083072561314,D830024N08Rik,8,P.man,12,my_clusters
-4.93864395963702,9.79232739744814,734.058247137964,6.97546586777034e-38,1.20054743050195e-33,Xist,9,P.man,12,my_clusters
-1.28029058902916,7.50728591202942,44.0651912520493,6.83266733035253e-09,5.87985187113487e-05,Tsix,9,P.man,12,my_clusters
0.592285008309192,9.48397505430004,26.4523130779388,2.5693274015271e-06,0.0147402313025609,Lrp1b,9,P.man,12,my_clusters
0.822793658499934,8.00712662068657,23.7312079165328,7.16157813792182e-06,0.0308144803329431,Gtf2a2,9,P.man,12,my_clusters
-5.71458451771383,10.5213059344374,1111.48694039103,4.03312659201626e-33,6.83897276208197e-29,Xist,14,P.man,12,my_clusters
-1.29094241510687,8.11938708051339,56.56297390288,1.9062946735069802e-09,1.61625193893289e-05,Tsix,14,P.man,12,my_clusters
-5.64012362909853,10.1304062565145,1428.74758337916,1.06446558848911e-38,1.97341275449997e-34,Xist,16,P.man,12,my_clusters
-1.7039282819879,6.66132269769835,62.7283678332827,2.07431573295839e-10,1.92278696866578e-06,Srrd,16,P.man,12,my_clusters
1.05146901570702,8.07693928246135,56.6846610722843,8.624410516710181e-10,5.32959821897633e-06,Gtf2a2,16,P.man,12,my_clusters
3.80499602810437,4.1450020032555,43.1175437443566,2.56283697236571e-08,0.0001187810865767,Mastl,16,P.man,12,my_clusters
-0.702183950252788,8.35387048337771,38.901893524619,9.14067591694544e-08,0.0003389179816485,Tsix,16,P.man,12,my_clusters
1.17148983367411,6.72766635563214,38.0952296928244,1.15864143092564e-07,0.0003580008914655,D830024N08Rik,16,P.man,12,my_clusters
1.81115841547906,5.52697444955763,30.4650295624699,1.11576185819706e-06,0.0029550155841593,4933412L11Rik,16,P.man,12,my_clusters
1.26033529516226,5.9618656688142,26.7945738873005,3.80850976645816e-06,0.0084744105608375,C1ql2,16,P.man,12,my_clusters
-3.56921181348183,4.40900266524133,26.7016030907605,4.11401343370935e-06,0.0084744105608375,Jpx,16,P.man,12,my_clusters
2.74186871515397,4.09603476434822,23.6227560707098,1.06994511856261e-05,0.0198357125530321,Gm38217,16,P.man,12,my_clusters
0.681688395291271,7.40715999671928,23.3367755189529,1.31599978144773e-05,0.022179381771145,Sh3bgrl,16,P.man,12,my_clusters
0.769267275246725,7.435542874812,22.9419698395891,1.51436989027178e-05,0.0233957528297904,Adarb2,16,P.man,12,my_clusters
1.40260242641437,5.61586467555324,21.7049806575497,2.35306173286808e-05,0.0335564703581857,Gm26699,16,P.man,12,my_clusters
-8.97706670754224,9.60150921406297,248.572932413156,4.14126348356256e-17,5.93815770908036e-13,Xist,20,P.man,12,my_clusters
-6.03737390236452,10.146354050748,1095.64016252553,5.31633230520273e-37,8.978753630256889e-33,Xist,10,P.man,12,my_clusters
-1.08584229900466,7.53327140703647,33.9841609424471,3.74147827674013e-07,0.0031594913307932,Tsix,10,P.man,12,my_clusters
0.920792540313454,8.22456778176758,27.0759352496358,3.47354951112896e-06,0.019554925897819,Gtf2a2,10,P.man,12,my_clusters
-5.1082651986612,9.30358196635781,100.839877337368,4.51014008590345e-13,5.879869629992331e-09,Xist,23,P.man,12,my_clusters
-4.79703707593912,9.88669052903454,741.229216963897,6.48856775314938e-30,1.09189618149998e-25,Xist,12,P.man,12,my_clusters
1.10093723593913,8.05420453584227,35.2301730588637,4.13731415524363e-07,0.0034811361302219,Gtf2a2,12,P.man,12,my_clusters
-6.42017352844484,10.1552916849707,1606.72703762227,7.51638627055514e-39,1.34708674740889e-34,Xist,21,P.man,12,my_clusters
-0.995808654628402,8.03546824261939,57.7267616910583,9.72364940308306e-10,8.71336223010273e-06,Tsix,21,P.man,12,my_clusters
1.00866277135408,8.20886017994542,43.5988498514391,3.16067009754634e-08,0.0001888184316274,Gtf2a2,21,P.man,12,my_clusters
-0.845700717848709,7.73224971978243,25.0734573937753,8.07860419659812e-06,0.0361961861028579,Sst,21,P.man,12,my_clusters
-4.73147728201621,9.83424582637435,1547.75337302723,2.50312665552127e-38,4.6012474181792e-34,Xist,22,P.man,12,my_clusters
-9.51245031888116,7.39173356359358,474.436123303556,6.061081442264331e-25,5.57073995358515e-21,Iglc4,22,P.man,12,my_clusters
-9.29974723110497,7.18634102551054,429.046377785833,4.42945607438217e-24,2.71407538530977e-20,Iglc2,22,P.man,12,my_clusters
-8.69737698041994,6.61327297579172,317.528620469896,1.52396910830096e-21,7.003400037197079e-18,Igha,22,P.man,12,my_clusters
1.09894643993681,8.16121331923132,60.504800731038,4.60597281269819e-10,1.69333984486036e-06,Gtf2a2,22,P.man,12,my_clusters
-1.48935075653294,6.44238725466652,52.1368431666947,3.2664884486117302e-09,1.00074317770635e-05,Srrd,22,P.man,12,my_clusters
-3.65724839794944,4.89144238687911,47.2259007296404,1.4557550722497e-08,3.82281281972772e-05,Jchain,22,P.man,12,my_clusters
1.17001725327137,7.07296285210409,43.8015077718471,2.77515793853539e-08,6.37661915326969e-05,D830024N08Rik,22,P.man,12,my_clusters
2.07607568417943,5.21754427734171,37.008137413537,1.48945905548389e-07,0.00030421373731,Arl5b,22,P.man,12,my_clusters
-0.741100712212274,7.70781737044937,30.8306530422957,1.18476715808407e-06,0.0021778389899901,Tsix,22,P.man,12,my_clusters
1.3206819996346,6.20999523897009,23.5921385891725,1.29769994700109e-05,0.0216857458416128,Gm26699,22,P.man,12,my_clusters
1.64690126597325,5.10832537999727,22.5766823338284,1.69430523618937e-05,0.0259539323763608,Chdh,22,P.man,12,my_clusters
1.08665710167328,6.17933688320234,22.5141899197196,1.900231783329e-05,0.0268692774162721,Agfg1,22,P.man,12,my_clusters
1.47625945549601,5.5005875889067,21.7244158138982,2.43915324842312e-05,0.0320260821517955,4933412L11Rik,22,P.man,12,my_clusters
0.543077360362964,7.92506427325948,21.1359567815338,3.10293121581578e-05,0.0380253877394171,Ocrl,22,P.man,12,my_clusters
-4.69245262926364,10.355942890255,468.768812610076,1.1066780500463101e-20,1.81683335476102e-16,Xist,26,P.man,11,my_clusters
1.11567739544008,9.17277219129604,50.2098055382195,4.87640065944728e-08,0.0004002793481307,Fos,26,P.man,11,my_clusters
1.5309367907381,7.89366776134798,45.1614577226257,1.27046895334446e-07,0.0006952429602352,Nts,26,P.man,11,my_clusters
-5.96747054625084,9.87377281115538,1112.17847540804,5.0902157435763294e-30,8.93943688886875e-26,Xist,1,P.man,12,my_clusters
0.831962893365985,8.17834037272485,32.7671228349039,1.37933294168297e-06,0.0121119225609182,Gtf2a2,1,P.man,12,my_clusters
-1.45437941276029,6.48491738144497,28.6157215644443,4.43357766657473e-06,0.0259541636601285,Srrd,1,P.man,12,my_clusters
0.906299554153586,7.32857549977647,26.166480013946,9.3349398622386e-06,0.0409850534651586,D8Ertd738e,1,P.man,12,my_clusters
-5.34685033719442,9.54837640000689,1371.86246142415,2.7631021692373603e-38,5.200987213155489e-34,Xist,18,P.man,12,my_clusters
1.16388384378792,7.98935454640986,102.036677634201,1.10821548993672e-13,1.04299700835395e-09,Gtf2a2,18,P.man,12,my_clusters
-1.55010682542286,6.44605094564835,57.3071666549098,7.49782099875634e-10,3.93815850198476e-06,Srrd,18,P.man,12,my_clusters
2.25910543366223,5.57444071194764,56.0910514133881,8.36882218984169e-10,3.93815850198476e-06,4933412L11Rik,18,P.man,12,my_clusters
1.06898701528045,6.83389213678727,43.4036477428191,2.61745710483075e-08,9.85367901684585e-05,D830024N08Rik,18,P.man,12,my_clusters
-2.85711686938423,4.28981933253435,35.1262413076334,1.91117515599609e-07,0.0005995674993552,Jpx,18,P.man,12,my_clusters
0.564181914352308,7.60725698730871,22.5347171354117,1.76099497302444e-05,0.0429323769607704,Sh3bgrl,18,P.man,12,my_clusters
-0.531766535034195,7.90644290396083,22.148444520782,2.02315411657271e-05,0.0429323769607704,Tsix,18,P.man,12,my_clusters
1.82289851732465,4.49915494357748,21.9464624679913,2.05276200736829e-05,0.0429323769607704,Chdh,18,P.man,12,my_clusters
-5.33444164988606,9.5231770361818,226.002788124101,1.2200415761789701e-19,1.9408421393855e-15,Xist,13,P.man,12,my_clusters
-5.87744428854725,9.61449685662942,253.450399113017,1.19377302351527e-18,1.7370591265170602e-14,Xist,7,P.man,12,my_clusters
-6.7071708072806,9.86870283612838,1642.26654615265,3.7156348848266197e-34,6.93894814741372e-30,Xist,27,P.man,12,my_clusters
1.15500613670347,8.05089689598131,94.2472262199689,5.2382846137480096e-12,4.89124825808721e-08,Gtf2a2,27,P.man,12,my_clusters
-1.16481912392372,7.35121821559885,66.3096297555728,5.64182450978288e-10,3.51203575733984e-06,Tsix,27,P.man,12,my_clusters
-1.28564638281795,6.3064740518263,43.3794848107205,7.61403164120918e-08,0.0003429342201618,Srrd,27,P.man,12,my_clusters
1.22562911481884,6.76262824067006,42.6142216156813,9.18163909402442e-08,0.0003429342201618,D830024N08Rik,27,P.man,12,my_clusters
1.85248917045535,6.30574777258794,40.7570448990711,1.34291007477839e-07,0.0004179807607747,Gm26699,27,P.man,12,my_clusters
-2.62262541253814,4.22554797955685,29.1232406040537,2.87517879002316e-06,0.0076705662719546,Jpx,27,P.man,12,my_clusters
0.983285793758558,8.00693275381978,22.9655432015716,2.14752480573572e-05,0.0482102066151456,Grid2ip,27,P.man,12,my_clusters
1.31289510869948,5.96553971092435,22.9409315775788,2.32338345133232e-05,0.0482102066151456,4933412L11Rik,27,P.man,12,my_clusters
-4.73361800570431,9.52497421843009,713.550418188073,1.44349639273431e-27,2.6681587323300996e-23,Xist,31,P.man,12,my_clusters
-2.05554853293811,6.34451573143972,91.1579457468745,5.29492566387266e-12,4.89357029855112e-08,Tsix,31,P.man,12,my_clusters
-1.44476609538721,6.52164974795114,49.2421200337463,1.5564324788416e-08,9.58969931296935e-05,Srrd,31,P.man,12,my_clusters
1.76822255744763,5.78928634050978,38.715867107745,1.64936354829524e-07,0.0007621708956672,Gm26699,31,P.man,12,my_clusters
1.05317815906642,6.97313517057565,35.1769555419853,5.41011701487831e-07,0.0020000120580602,D830024N08Rik,31,P.man,12,my_clusters
-1.83134324890798,5.68073805092058,32.2690447967714,1.06688086391703e-06,0.0032867043147737,Tubb2a,31,P.man,12,my_clusters
3.71038310534347,3.87328487597532,31.4487413448639,1.66486451768848e-06,0.0043961936778505,Mastl,31,P.man,12,my_clusters
1.76381342464444,5.46276521088686,30.5288156504829,1.92606081000679e-06,0.0044501635015207,4933412L11Rik,31,P.man,12,my_clusters
0.706732934254605,7.92512997283637,23.501713839852,1.82260891305624e-05,0.0374323368321462,Gtf2a2,31,P.man,12,my_clusters
-4.59830183744687,9.92273756516827,835.714585268394,3.24116688554211e-27,5.354083578227e-23,Xist,32,P.man,12,my_clusters
-1.7420215835062,6.66152665893873,36.3335352633636,4.69548348406199e-07,0.003878234583661,Srrd,32,P.man,12,my_clusters
-5.78883950496638,9.77102337577564,1149.46628022917,2.31900322068039e-35,4.079358565498871e-31,Xist,33,P.man,12,my_clusters
1.36433986332562,8.1121054334782,101.768679357466,2.1935717321290998e-13,1.9293560169941502e-09,Gtf2a2,33,P.man,12,my_clusters
-1.52406582294842,6.59183517393466,39.3344709193093,1.00283911014426e-07,0.0005880314262182,Srrd,33,P.man,12,my_clusters
1.90921589256871,5.68341021905059,28.9230769286435,2.08193757745778e-06,0.0091558409812649,4933412L11Rik,33,P.man,12,my_clusters
1.6212259869893,5.39060451308264,23.2826190213412,1.3502093832977e-05,0.0475030665231796,Rorb,33,P.man,12,my_clusters
-5.42607649563859,9.33694045675544,946.945094636459,6.26232612747276e-32,1.14869848156233e-27,Xist,25,P.man,12,my_clusters
0.996770840663552,7.9880575377863,52.1214533958628,4.862856965231241e-09,4.45996926566183e-05,Gtf2a2,25,P.man,12,my_clusters
-1.3430275225602,6.50798070185816,46.4038918156776,1.96847026832663e-08,0.000120358833773,Srrd,25,P.man,12,my_clusters
1.69457501135839,5.60693367823941,31.0307689917002,1.23126431078343e-06,0.0056462703131751,4933412L11Rik,25,P.man,12,my_clusters
-0.797769220255877,7.09799415269791,29.1677280529872,2.41195415947109e-06,0.0088484950294356,Tsix,25,P.man,12,my_clusters
1.00332133512347,6.79612500437764,27.0591502932728,4.70830133285539e-06,0.0143940618914277,D830024N08Rik,25,P.man,12,my_clusters
-6.02440062356522,9.39964413194453,1302.86357153676,1.44765680169681e-32,2.66209609264026e-28,Xist,11,P.man,12,my_clusters
-1.18703997822589,6.9474114660261,48.0915069888628,2.52866332476183e-08,0.0002324979493952,Tsix,11,P.man,12,my_clusters
-2.19343069747394,6.13315094634224,41.5871854137431,1.00958122232659e-07,0.0006188396365787,Yjefn3,11,P.man,12,my_clusters
0.849310706161537,8.02655959232999,41.0456888772909,1.39547148141384e-07,0.0006415331267929,Gtf2a2,11,P.man,12,my_clusters
1.66133881056038,5.89129627537529,32.5252349175337,1.16203468430842e-06,0.0037205407904299,4933412L11Rik,11,P.man,12,my_clusters
-1.26997725705159,6.62191080641282,32.758990655301,1.213945551285e-06,0.0037205407904299,Srrd,11,P.man,12,my_clusters
1.06273429012486,6.96284088190329,27.7115373677592,5.40368482803349e-06,0.014195480043244,D830024N08Rik,11,P.man,12,my_clusters
2.56830566442689,4.5418165716159,23.6737601490937,1.61924389059172e-05,0.037220344880114,Gm38217,11,P.man,12,my_clusters
-5.76812442209271,9.91171274055147,1643.67664955928,3.48189498284925e-37,6.451255024223079e-33,Xist,19,P.man,12,my_clusters
1.18193740258021,8.15365283593253,92.7492663209583,1.62213183325484e-12,1.50274293032728e-08,Gtf2a2,19,P.man,12,my_clusters
-3.3078523505332,6.18650317429973,47.4578390651495,1.24989318196012e-08,7.71934029178567e-05,Pmch,19,P.man,12,my_clusters
-3.1435225984376,4.76627940703091,32.2810868260042,7.70665182978956e-07,0.0035697211275585,Jpx,19,P.man,12,my_clusters
-0.627489196354478,8.08935410094803,28.8419790186486,2.63444642453459e-06,0.0093033962097853,Tsix,19,P.man,12,my_clusters
0.984429327525465,6.89443234007491,28.4236976774095,3.0127578399564e-06,0.0093033962097853,D830024N08Rik,19,P.man,12,my_clusters
-1.29358974399916,5.84500818651088,25.5053069980613,7.06160618787733e-06,0.0186910627784273,AC107763.1,19,P.man,12,my_clusters
2.2542144326242,4.60642661692971,23.2392302478621,1.42448606155493e-05,0.0297409359484244,Chdh,19,P.man,12,my_clusters
1.38727701185132,5.49067715939407,23.3559961122747,1.44466981614756e-05,0.0297409359484244,Ecel1,19,P.man,12,my_clusters
1.6888318811184,5.59779902887047,23.0810066044549,1.65236681627436e-05,0.0306150523719314,4933412L11Rik,19,P.man,12,my_clusters
0.773955292473767,6.75793729693157,22.1875070267414,2.31072374313327e-05,0.0389209904661574,Gal,19,P.man,12,my_clusters
-5.40519914639803,9.59912495108114,690.775406359723,6.56277777127812e-26,1.1641055210693101e-21,Xist,30,P.man,12,my_clusters
1.10904550583394,7.80734752905829,46.5693587547949,4.70740092100261e-08,0.0004174993876837,Gtf2a2,30,P.man,12,my_clusters
-1.45042774585109,6.61252187159661,42.1805704074545,1.26376956046637e-07,0.0007472248154517,Srrd,30,P.man,12,my_clusters
-5.69273284138755,9.55551379019758,1653.57901768364,4.4659777636389295e-42,8.45186291768667e-38,Xist,24,P.man,12,my_clusters
0.996290913664188,8.09745521931495,73.4530437692081,1.2659590485592298e-11,1.19791374969917e-07,Gtf2a2,24,P.man,12,my_clusters
5.02099864783077,3.94854331448604,52.8273880439185,2.1116946496266103e-09,1.33212737480612e-05,Mastl,24,P.man,12,my_clusters
1.87928167964521,5.61573763811352,45.2947025830017,1.0760440077555e-08,5.09103321169322e-05,4933412L11Rik,24,P.man,12,my_clusters
-1.45339696597713,6.54176645228424,43.2560410576203,2.07363983354026e-08,7.84872676994988e-05,Srrd,24,P.man,12,my_clusters
0.762621713323722,7.33868005550685,34.3553951024663,2.9053518398437e-07,0.0009163963928173,Sh3bgrl,24,P.man,12,my_clusters
0.903823582381651,6.92824510642602,28.2583903701385,2.10845414950908e-06,0.0057003563970656,D830024N08Rik,24,P.man,12,my_clusters
-0.683339259814604,7.43058190141382,27.8586655224718,2.41346930214345e-06,0.0057093633178831,Vgf,24,P.man,12,my_clusters
-0.518045374881111,8.47486808806596,24.7805542961917,7.02070101267885e-06,0.014762974073883,Tsix,24,P.man,12,my_clusters
0.665954644301286,7.0640404368382,23.8718885974243,9.71459945647357e-06,0.0183848794713762,Brap,24,P.man,12,my_clusters
-3.21947174432585,3.92296255644116,22.5406399770942,1.55282682054844e-05,0.0267156796171629,Ucn3,24,P.man,12,my_clusters
1.17964357965969,5.47385298125316,22.2203989606728,1.75903756335708e-05,0.0272747797242829,Memo1,24,P.man,12,my_clusters
1.41185078369447,4.85357977815549,21.9301555564057,1.87356478951481e-05,0.0272747797242829,Gm37602,24,P.man,12,my_clusters
-1.55537958859013,4.90969729468437,21.0801036443789,2.61749247729925e-05,0.0353828893806346,Rtn4ip1,24,P.man,12,my_clusters
-7.26634444499449,9.75660845937148,871.037895581598,2.62414441683083e-31,4.2256597544226896e-27,Xist,35,P.man,12,my_clusters
1.23560258376475,8.06527916897412,38.7888681122333,2.06028609286405e-07,0.0016588393476694,Gtf2a2,35,P.man,12,my_clusters
-0.652400412620546,11.0762841626918,34.8282088200525,6.08435891935654e-07,0.0032658810559466,Gal,35,P.man,12,my_clusters
-6.93134996954448,9.62885307631199,163.281707265712,4.74422391862321e-19,6.283250157824581e-15,Xist,36,P.man,11,my_clusters
-5.87206754781456,10.0093467490854,259.11128342993,3.2804463932248898e-22,4.9521618752122895e-18,Xist,37,P.man,12,my_clusters
-5.5555775814291,10.2044561046848,656.521332819734,9.21683246147559e-48,1.62999682081196e-43,Xist,38,P.man,12,my_clusters
2.15549872239852,6.28442825457002,43.7155035565588,1.3967259676719e-09,1.23505493691387e-05,Gm26699,38,P.man,12,my_clusters
0.993830756973209,9.01415341052144,37.9314242573486,1.28129439422484e-08,7.55323045395541e-05,Grid2ip,38,P.man,12,my_clusters
-1.45493794885552,6.40191014526351,27.1405509540955,9.05729098144115e-07,0.0040044547751696,Srrd,38,P.man,12,my_clusters
1.20995626068372,6.95908387127671,25.6690262224128,1.65495360082008e-06,0.0053516152651422,D830024N08Rik,38,P.man,12,my_clusters
0.871963595074554,8.06386206239183,25.4867467444186,1.8156455522111e-06,0.0053516152651422,Gtf2a2,38,P.man,12,my_clusters
1.38519849239355,6.12304725402694,20.0032169034778,1.8626478722669e-05,0.0470584680300574,4933412L11Rik,38,P.man,12,my_clusters
-8.54769050002576,10.1551155749231,171.173361214682,4.3975541347918905e-19,5.8716142807741305e-15,Xist,40,P.man,12,my_clusters
-5.27281432515184,9.98960111505668,519.605425051806,3.7377844363910705e-21,5.980455098225711e-17,Xist,17,P.man,12,my_clusters
-1.74604139761438,8.03006894867123,44.1633045493686,2.17360618891663e-07,0.0017388849511333,Penk,17,P.man,12,my_clusters
-5.7910444544486,10.4943449090367,149.482230113405,4.47223541310544e-34,7.217740733210859e-30,Xist,41,P.man,11,my_clusters
2.58084741964797,6.85585254247586,31.4817879103653,2.07921764157774e-08,0.0001677824675871,Gm26699,41,P.man,11,my_clusters
-2.29426418015672,6.73308934150714,22.8761942176731,1.75815015503115e-06,0.0094582617840159,Nrp2,41,P.man,11,my_clusters
2.1927190637424,6.66366508981599,20.3220328216062,6.63577980238792e-06,0.0267737125576847,Gm26543,41,P.man,11,my_clusters
-5.01307697501415,10.7782602659984,156.494102781938,1.1924626464197799e-18,1.5434044032611202e-14,Xist,43,P.man,12,my_clusters
-5.79924391518824,9.79945375724988,1208.2603396282,1.7585183120398e-42,3.21123028961589e-38,Xist,2,P.man,12,my_clusters
1.28514886233106,8.27813213014913,99.1855988754916,1.82588458192543e-14,1.66712391752702e-10,Gtf2a2,2,P.man,12,my_clusters
-0.838414270730884,10.4036712041579,69.2647603749832,1.12271004439725e-11,6.83393604024606e-08,Tac2,2,P.man,12,my_clusters
2.33750222945645,5.96942808006026,55.1175915016183,2.89086860476572e-10,1.31975378979067e-06,4933412L11Rik,2,P.man,12,my_clusters
-1.09944957984374,9.08499905317131,54.7602657025193,4.44569655031208e-10,1.62365729410498e-06,Tac1,2,P.man,12,my_clusters
0.686678449548514,9.63277972506314,51.43973660174,1.1027808210568e-09,3.35631342888637e-06,Lrp1b,2,P.man,12,my_clusters
-1.55247507095669,6.31232949874027,47.3183853722497,3.5061881065078402e-09,9.14664300184852e-06,Srrd,2,P.man,12,my_clusters
-0.998171130787567,7.54390263028967,44.5389448327129,8.0196428172713e-09,1.83058371857739e-05,Serpine2,2,P.man,12,my_clusters
0.955753060448283,7.5449302209351,38.9954550640674,4.32278993302653e-08,8.77094077411082e-05,Sgcd,2,P.man,12,my_clusters
-3.15329869852201,4.60591861051133,33.3451556084991,2.26331055676724e-07,0.0004133031407712,Jpx,2,P.man,12,my_clusters
-0.713457746393269,8.57113322378683,31.7819756675104,4.56278686276791e-07,0.0007574640991,C130073E24Rik,2,P.man,12,my_clusters
0.810529810703393,7.84544902367419,31.4687821586305,5.06584190576676e-07,0.00077089449201,Nrip1,2,P.man,12,my_clusters
1.04694277352094,6.48850464589738,27.606837293788,1.92261237423472e-06,0.0027006788127615,Col25a1,2,P.man,12,my_clusters
-1.41619675242178,5.62841855561679,27.0038820816437,2.2990397787467e-06,0.0029987689571209,Trhde,2,P.man,12,my_clusters
-1.67220732104454,5.95949983425166,26.4739656248244,2.79216841044423e-06,0.0033991858228748,Tubb2a,2,P.man,12,my_clusters
-0.485237301935788,9.49180459526397,25.213435056883,4.64596391466402e-06,0.0053024966903549,Grina,2,P.man,12,my_clusters
1.57798084181404,5.30065037545728,24.8137909921833,5.21459114032765e-06,0.0056013911066778,Slc10a4,2,P.man,12,my_clusters
1.45584591011467,5.43163760404559,22.9153945067454,1.05934331991689e-05,0.0107470379805568,Gm20754,2,P.man,12,my_clusters
-0.601906640390035,8.37776841023466,22.688763468854,1.19436950220772e-05,0.0114791481472712,Ntm,2,P.man,12,my_clusters
-1.10533410956287,6.04084785229375,22.4986329706462,1.28441385602197e-05,0.0117273407124086,Npy1r,2,P.man,12,my_clusters
-0.618251179611848,9.85559159193864,22.1200778322396,1.48370805081378e-05,0.0129019012932907,Gal,2,P.man,12,my_clusters
-1.07671026709356,5.89977101668258,21.5070769010936,1.86135884243429e-05,0.0151891957524334,Timp3,2,P.man,12,my_clusters
2.74906742291782,4.27136895991613,21.4992805598003,1.9131017047586e-05,0.0151891957524334,Mastl,2,P.man,12,my_clusters
0.891199582621575,6.44675152920734,20.7505276530515,2.47195153264081e-05,0.0188084612239808,Map4k1,2,P.man,12,my_clusters
1.94529086844562,4.69727257672352,20.446687794643,2.68196427744113e-05,0.019590139868141,Dubr,2,P.man,12,my_clusters
-0.538220600142112,8.23233175287746,20.2917837664072,3.01658699776906e-05,0.0211868827562542,Tsix,2,P.man,12,my_clusters
-0.990932903588431,6.15773784426951,20.0045099395237,3.37378202810145e-05,0.0227217991988064,Col11a1,2,P.man,12,my_clusters
1.13050593145837,5.78461420229155,19.8224287560416,3.48398432488133e-05,0.0227217991988064,Abca7,2,P.man,12,my_clusters
0.956133507747343,6.27286145347559,19.6207740628327,3.87966028215931e-05,0.0244298194525901,1700088E04Rik,2,P.man,12,my_clusters
0.889752885453943,6.65867231994941,19.4524131564957,4.17185388840965e-05,0.0253940746187495,Prcd,2,P.man,12,my_clusters
0.828832606707119,7.14922983258826,19.2976118131644,4.45769360454719e-05,0.0262586912621407,D830024N08Rik,2,P.man,12,my_clusters
1.08535322448354,5.96568829439671,18.8338954443766,5.22299162693881e-05,0.0290604578304587,Gm44438,2,P.man,12,my_clusters
-1.72105364351269,5.13546090583037,18.7309204008328,5.28582188116876e-05,0.0290604578304587,Gm34066,2,P.man,12,my_clusters
-4.74494503926537,3.72236256625761,19.0030338466554,5.54793771988935e-05,0.0290604578304587,Fes,2,P.man,12,my_clusters
-1.00655452836074,5.95747844981189,18.7397003170312,5.56988129930482e-05,0.0290604578304587,Cadps2,2,P.man,12,my_clusters
1.25873146646039,5.31610773493383,18.3748338287945,6.09361537482166e-05,0.0309098639887829,Gm42609,2,P.man,12,my_clusters
1.82214256583321,4.7745360519195,18.2779869532969,6.52885439064239e-05,0.0322225432506813,Gm24336,2,P.man,12,my_clusters
3.84791808957698,3.84432289030269,18.2756332104456,7.08026853673017e-05,0.033699123617018,Gm44199,2,P.man,12,my_clusters
0.98826139909647,5.94022386383954,18.0011806201353,7.30133275822615e-05,0.033699123617018,Memo1,2,P.man,12,my_clusters
-0.526697802696827,8.29728650302123,18.0247389916849,7.46022573069658e-05,0.033699123617018,Zmynd8,2,P.man,12,my_clusters
2.95761143780806,4.04381971195816,17.9048111551066,7.56620156780975e-05,0.033699123617018,Greb1,2,P.man,12,my_clusters
-1.01083230444772,5.84246422635213,17.7398928630705,8.28270418673668e-05,0.0360120145604758,Ak5,2,P.man,12,my_clusters
-2.09829542071611,4.44882642370839,17.3515107008709,9.51708333768681e-05,0.0404166183324416,Klhl35,2,P.man,12,my_clusters
1.19643662377706,5.86145281516693,17.0389900005829,0.0001109661589195,0.0455932598420347,Gm26699,2,P.man,12,my_clusters
0.333304103200245,14.050762786343,17.0236620542752,0.0001123540163677,0.0455932598420347,Snhg11,2,P.man,12,my_clusters
-6.29041510180531,9.58238686214024,1065.9470107645,8.37428412582835e-39,1.46432732224235e-34,Xist,34,P.man,12,my_clusters
-2.14039055441866,6.55953151986846,54.3041621927189,8.89680805920539e-10,7.77847928616328e-06,Srrd,34,P.man,12,my_clusters
0.974668589753026,8.07848497106553,37.6881256218441,9.90439911458121e-08,0.0005772944097252,Gtf2a2,34,P.man,12,my_clusters
-0.743398476636736,7.9727425980084,25.1376790851283,6.00424755242745e-06,0.0232890952321721,Tsix,34,P.man,12,my_clusters
0.762568878708051,7.97079635029386,24.84497490883,6.65935469294639e-06,0.0232890952321721,Prmt9,34,P.man,12,my_clusters
-5.73606794990001,9.96940023014306,788.497001854382,2.08790333433881e-26,3.5552817977121297e-22,Xist,28,P.man,12,my_clusters
-1.60274196774132,6.67958075599591,30.528367269729,2.79346465316467e-06,0.023783558057044,Srrd,28,P.man,12,my_clusters
-4.93369287315652,10.3077367311842,122.619965582496,2.68731416549816e-28,4.13389538078581e-24,Xist,42,P.man,12,my_clusters
-2.34127597233515,7.39564679643309,21.4782355850329,3.63434045358299e-06,0.0279535295987336,C1ql3,42,P.man,12,my_clusters
-5.82521955690175,9.59392223686729,1152.23091317075,4.06052935284108e-34,7.243172259597919e-30,Xist,29,P.man,12,my_clusters
0.882069740877911,7.86706525607839,41.8444478793426,6.23647484937316e-08,0.0005562311918155,Gtf2a2,29,P.man,12,my_clusters
-1.07865144312868,7.26386458454904,39.8526758683367,1.05643859219461e-07,0.0006281583869189,Tsix,29,P.man,12,my_clusters
-1.21951042088806,6.53415130357413,32.6417731395393,8.31463463897473e-07,0.0037079113172507,Srrd,29,P.man,12,my_clusters
1.84205120365222,5.86198907706572,27.413601200384,3.84746925856249e-06,0.0137262313268476,4933412L11Rik,29,P.man,12,my_clusters
0.61160494736428,9.07885973390731,23.757277983558,1.39254622673828e-05,0.0414003993209289,Tcf7l2,29,P.man,12,my_clusters
-3.40989020404618,4.27012515156893,23.1093095081062,1.74176051307511e-05,0.0443850343317627,Jpx,29,P.man,12,my_clusters
-4.70341932647674,10.1851873319557,721.006131190506,1.7335155238463798e-33,3.14563726957164e-29,Xist,39,P.man,12,my_clusters
-0.959424855493532,7.63877269924398,46.0665281514375,8.167571805014961e-09,7.41043789869007e-05,Tsix,39,P.man,12,my_clusters
1.82647854378117,5.8759782940906,36.7771191577969,1.11348024802326e-07,0.000599812606356,Gm26699,39,P.man,12,my_clusters
2.06784803644439,5.34263621330202,36.4708709643489,1.32219245311599e-07,0.000599812606356,Chdh,39,P.man,12,my_clusters
0.719882829730275,8.18775644632022,31.6932751049942,6.24444411455161e-07,0.002266233658053,Gtf2a2,39,P.man,12,my_clusters
-0.536478767309311,9.29988504023555,28.9376082683449,1.56226564555659e-06,0.0047248120673783,Arhgap21,39,P.man,12,my_clusters
-1.21680826098557,6.37518526362124,27.6445692914787,2.33226196760391e-06,0.0060458893805915,Srrd,39,P.man,12,my_clusters
-0.769521856481274,7.27909801895571,24.5011273374245,7.28988770336178e-06,0.0165352877831504,Mest,39,P.man,12,my_clusters
-6.15216418448801,10.1918206362815,1261.82091394788,7.83718342876065e-49,1.40622582262252e-44,Xist,44,P.man,11,my_clusters
-3.0532282757934,6.95331715807965,172.739481625272,3.57866193794151e-21,3.21059655762423e-17,Tsix,44,P.man,11,my_clusters
2.18318684692823,6.28587135922462,69.5695241575957,2.54456082834024e-12,1.5219018314303e-08,Gm26699,44,P.man,11,my_clusters
0.816961457361206,9.78924004586861,41.1598115905797,1.19682753001245e-08,5.36866909275333e-05,Grid2ip,44,P.man,11,my_clusters
0.884438711765993,8.0840511612459,40.151961813377,1.65321957512947e-08,5.9327437673096e-05,Gtf2a2,44,P.man,11,my_clusters
-1.46676938913924,6.58676737850157,39.3106645501588,2.12003091684966e-08,6.33995245683892e-05,Srrd,44,P.man,11,my_clusters
-2.12829579558165,5.8865142150542,35.1079292071945,8.46839296514787e-08,0.0002170691071052,Tubb2a,44,P.man,11,my_clusters
1.47369382234878,6.24673633915708,33.0924822528685,1.80618240397252e-07,0.0004051041359309,D830024N08Rik,44,P.man,11,my_clusters
-1.45610592291799,6.16178480968804,30.7159018506752,4.20932978163298e-07,0.0008392000474648,Pacsin2,44,P.man,11,my_clusters
1.69559635772425,5.84917699095333,27.9984098471477,1.15960563315564e-06,0.0020806803875711,Rcsd1,44,P.man,11,my_clusters
-5.23081779860375,4.19175074122519,27.5571352072404,1.56784101591104e-06,0.0025574337589538,Jpx,44,P.man,11,my_clusters
0.715582132050659,8.15980636898171,24.5301467148559,4.49693853449655e-06,0.0067240473437059,Mir99ahg,44,P.man,11,my_clusters
-1.0108651667871,6.73159717929964,23.8384878234619,5.74786822885894e-06,0.007933384586955,Cpne4,44,P.man,11,my_clusters
0.823413691681721,7.43171712855631,23.5171671967295,6.60430775313239e-06,0.0084643638581753,Col4a4,44,P.man,11,my_clusters
-3.68491327817761,4.38502114991466,23.2678287293328,7.26834420779675e-06,0.0086943933413664,Naip6,44,P.man,11,my_clusters
0.520676995461476,9.05504994156313,20.6939829762991,2.07014892600437e-05,0.0232154263620602,Ptgds,44,P.man,11,my_clusters
0.510330078845109,9.05912664791254,20.1895792727309,2.55011726921788e-05,0.0263451328626878,Foxp1,44,P.man,11,my_clusters
0.730052351196138,7.37999192169193,20.078127227218,2.64288241391284e-05,0.0263451328626878,Srgap2,44,P.man,11,my_clusters
0.522819742308341,8.86816753017228,19.0236096712133,4.12745274358656e-05,0.0389783603043019,Podxl2,44,P.man,11,my_clusters
-8.01897889508321,9.60875085255967,88.5716858481891,6.2620010840928805e-21,8.312806439133299e-17,Xist,45,P.man,12,my_clusters
-3.55920956828182,10.7100558346643,53.2401265903406,3.22946204662572e-13,3.9509238678419e-09,Xist,46,P.man,9,my_clusters
-4.85101757668011,10.0394027258556,289.093958974478,4.7255872752292095e-22,7.431458549025459e-18,Xist,47,P.man,12,my_clusters
-6.56480167642423,8.52273112571229,101.513676920008,7.767872809498469e-13,6.1078783901086505e-09,Pmch,47,P.man,12,my_clusters
-6.90250818264443,10.0709007549876,526.501548534534,3.11378929508978e-26,4.76254072683982e-22,Xist,15,P.man,12,my_clusters
-5.43922932907319,10.4732496212154,121.277998877426,5.233831104520449e-28,6.986117758313891e-24,Xist,48,P.man,11,my_clusters
-6.18540177729605,10.2465883032126,534.741162247808,1.2269504592574598e-114,2.07575478697178e-110,Xist,49,P.man,9,my_clusters
-3.43389932610041,6.96359523125944,76.3460416721015,2.85755981874902e-18,2.4172098506798e-14,Tsix,49,P.man,9,my_clusters
2.99732788000232,6.59952101302055,56.6366107425468,5.80304691602139e-14,3.27253159084166e-10,Gm26699,49,P.man,9,my_clusters
2.37938655283726,7.23102043088356,52.0968228456761,5.758564985804999e-13,2.43558506074622e-09,D830024N08Rik,49,P.man,9,my_clusters
-2.24722692439211,6.94847677750996,38.4415064206476,5.91692999557084e-10,2.00205243330135e-06,Srrd,49,P.man,9,my_clusters
0.933425021533267,10.2407738367936,28.4381111389799,9.93409633860839e-08,0.0002801084030942,Grid2ip,49,P.man,9,my_clusters
-2.23238444529257,6.46256015491593,22.2537333298896,2.42875382072453e-06,0.0058699510198596,AC147615.2,49,P.man,9,my_clusters
-0.848568255324107,9.85856833704019,21.5195484588752,3.55711682557118e-06,0.0075224128068766,Cck,49,P.man,9,my_clusters
-3.52749370645611,10.3680174807276,83.8916275947112,6.511377708722271e-20,1.03823917565577e-15,Xist,50,P.man,10,my_clusters
-2.64692656452467,9.69502935618616,37.8831674810712,7.86660223832415e-10,6.27164863450393e-06,Zbtb20,50,P.man,10,my_clusters
-4.34216662486666,8.18646610434087,31.9066375867787,1.67212200107407e-08,8.88732843570869e-05,Cebpd,50,P.man,10,my_clusters
2.66055684282851,8.16309242114751,28.7137945249679,8.62008889981576e-08,0.0003436182937689,C1ql1,50,P.man,10,my_clusters
-2.77358003236513,8.496006118418,26.1527040048927,3.22647381429992e-07,0.0010289224993802,Mctp1,50,P.man,10,my_clusters
2.58066298781397,7.73113679802211,23.7201083552461,1.13513138474053e-06,0.0029513117600062,Adcyap1,50,P.man,10,my_clusters
3.3424561048953,6.58757415293081,23.4648742697684,1.29565270116299e-06,0.0029513117600062,6430573F11Rik,50,P.man,10,my_clusters
2.40357990011736,7.81054570122567,22.4749485113101,2.16518466485429e-06,0.0039017324598069,Brinp3,50,P.man,10,my_clusters
2.5116417738034,7.60265808201191,22.4422251162058,2.20229489735106e-06,0.0039017324598069,Sim1,50,P.man,10,my_clusters
2.44042436500123,7.50493054955876,20.896964313829,4.9181355237888e-06,0.0072794519111709,Gabrg3,50,P.man,10,my_clusters
1.50782326912642,10.2091075590478,20.8568817457655,5.02188592178618e-06,0.0072794519111709,Pcp4,50,P.man,10,my_clusters
-2.86638740995097,8.19147401099235,20.1079459610426,7.41953537969772e-06,0.0091090299239203,Iqcf4,50,P.man,10,my_clusters
-4.33563711093811,7.43268697428538,20.1061124814699,7.42661580501501e-06,0.0091090299239203,Nectin3,50,P.man,10,my_clusters
1.58150841031963,9.52144746363034,18.7202647812539,1.53173587831976e-05,0.0174453775570061,Pcdh10,50,P.man,10,my_clusters
-2.65528705646539,8.08405625276145,18.147972492718,2.06688520799351e-05,0.021970989760971,Cdh9,50,P.man,10,my_clusters
-2.99241199269861,7.62878878504536,17.9608840571621,2.2798002069406e-05,0.0225333697174387,Dpy19l3,50,P.man,10,my_clusters
-2.62555218099438,8.10618306587083,17.8609530900614,2.40242888175891e-05,0.0225333697174387,Trps1,50,P.man,10,my_clusters
2.06122399721476,7.82108877046766,16.8304301292984,4.12710486565279e-05,0.0352073563788673,Elmo1,50,P.man,10,my_clusters
-2.7849849503595,7.90656734401398,16.7992734086541,4.19529489619617e-05,0.0352073563788673,Kctd4,50,P.man,10,my_clusters
-2.17339313386129,8.45593293243339,16.3062514756107,5.43805370434688e-05,0.0433548831579055,Stxbp6,50,P.man,10,my_clusters
2.20741031040918,7.40451474741954,16.0798507810286,6.12695619881543e-05,0.0465211031381486,Gm26700,50,P.man,10,my_clusters
2.18389804548953,7.38534958372612,15.9120197524203,6.69374504747609e-05,0.0485144385372756,Sgcz,50,P.man,10,my_clusters
-6.44037676087205,10.2245962805371,1116.75809244161,1.37102337571609e-32,2.37214464466398e-28,Xist,0,P.pol,12,my_clusters
-3.64024428511422,7.81281773184333,256.244837879002,9.15588099801704e-21,7.92075265138454e-17,Gm28040,0,P.pol,12,my_clusters
-1.49925577427299,8.00192272725348,66.2054583990406,3.88937451286643e-10,2.24313192738717e-06,Tsix,0,P.pol,12,my_clusters
-1.32014506365849,8.62464519089071,34.439717373891,6.33475697226554e-07,0.0027400991283534,Nfic,0,P.pol,12,my_clusters
-5.8748973073894,9.55536411340345,416.122812395774,1.55384709080862e-24,2.47589995449446e-20,Xist,3,P.pol,12,my_clusters
-4.17598189942386,9.14502262559106,342.901055836515,1.04648032334306e-20,1.74688960375657e-16,Xist,4,P.pol,12,my_clusters
-6.20541576009473,9.08111324543091,627.385814739876,9.031915326126529e-30,1.5365094352806501e-25,Xist,5,P.pol,12,my_clusters
-1.24664827989657,6.87446755557909,31.1464949259476,1.24006348469977e-06,0.0105479800008562,Tsix,5,P.pol,12,my_clusters
-6.08631568831748,9.71198618447677,1303.99048171924,2.92145583265988e-37,5.18733697647087e-33,Xist,6,P.pol,12,my_clusters
3.33349677331817,7.63380467734968,167.996927742697,1.0703009545706601e-17,9.50213187467835e-14,Dcn,6,P.pol,12,my_clusters
-1.11846184611739,9.4103795368516,106.019265381224,6.88465813157786e-14,4.07479965947655e-10,Sst,6,P.pol,12,my_clusters
1.28947429864796,8.62833369342511,93.0881500003689,6.02013612048773e-13,2.6723384238845e-09,Cck,6,P.pol,12,my_clusters
1.45497036848138,7.33233045181532,55.9098302434056,1.1662185022056402e-09,3.66716704197723e-06,Ecel1,6,P.pol,12,my_clusters
-1.07866052053978,8.08382682635744,55.6309979804668,1.2391868805960402e-09,3.66716704197723e-06,Crhbp,6,P.pol,12,my_clusters
0.510876970951135,13.5389795920762,49.8277884049489,5.16400427299645e-09,1.30988656959036e-05,Snhg11,6,P.pol,12,my_clusters
-0.940003395444377,7.51669464134849,39.4637437665892,8.3494110512387e-08,0.0001853151782822,Tsix,6,P.pol,12,my_clusters
0.943799523274307,7.92265411693872,37.2536693572305,1.57937139394853e-07,0.000311592427455,Brinp2,6,P.pol,12,my_clusters
0.698624123467693,8.06802643596185,22.2267004047624,2.01766000920789e-05,0.0358255711234952,Galntl6,6,P.pol,12,my_clusters
0.544168122674391,9.28908604622521,21.2164748891603,2.9060969417651e-05,0.0469096884527101,Lrp1b,6,P.pol,12,my_clusters
-5.09595520660847,10.1998801724146,554.475079838564,4.28159509145186e-23,6.80602355737188e-19,Xist,8,P.pol,12,my_clusters
-1.30331147196304,14.3181978228403,146.216352232473,1.37025377509277e-13,1.08907770044374e-09,Oxt,8,P.pol,12,my_clusters
-2.00032777832696,7.7526636658855,60.3122119896503,4.24781557188708e-09,2.25077587769057e-05,Tsix,8,P.pol,12,my_clusters
-6.2290591811417,9.67708700478622,1104.98512725363,4.93956883047814e-34,8.46296327725819e-30,Xist,9,P.pol,12,my_clusters
-1.51540096955466,7.31439976928391,55.482215592396,2.6897695224487e-09,2.30419106140568e-05,Tsix,9,P.pol,12,my_clusters
-1.30252391508661,8.73931272019397,28.8740946397771,2.90397200160957e-06,0.0165845841011922,Nfic,9,P.pol,12,my_clusters
-6.03407404306676,10.5870083155957,1402.70002950624,5.47331074763506e-39,9.33692080439065e-35,Xist,14,P.pol,12,my_clusters
-2.23552622302376,7.87952981094321,145.112241095678,2.09016050525355e-16,1.78280240295601e-12,Tsix,14,P.pol,12,my_clusters
0.552425029096867,12.6173159735091,43.3225336401836,2.80059866262347e-08,0.0001353659247286,Snhg11,14,P.pol,12,my_clusters
-1.27691604029928,8.50797765042776,42.8725838693839,3.17406471020824e-08,0.0001353659247286,Nfic,14,P.pol,12,my_clusters
-2.86144881858804,5.3377910157622,29.1932074400032,1.73836466159753e-06,0.0059309525524384,Jpx,14,P.pol,12,my_clusters
0.703118028879501,8.66767031240326,23.7892502744992,1.15074423322525e-05,0.0327175764576493,Pde10a,14,P.pol,12,my_clusters
-0.573190460845174,9.78052661499134,22.5584163864685,1.78010947146119e-05,0.0433812678195092,Ptgds,14,P.pol,12,my_clusters
-5.77072858587331,9.94760832963657,1340.30935841849,2.8192304170129604e-35,5.117467052961931e-31,Xist,16,P.pol,12,my_clusters
-1.10233929099435,8.88935883968185,29.5165907261536,2.18177704224051e-06,0.0198018084353749,Nfic,16,P.pol,12,my_clusters
-6.95256432090794,9.33387159537448,143.324658695236,6.45488754803486e-18,8.92259105764858e-14,Xist,20,P.pol,12,my_clusters
-1.48259648982461,10.2821891211964,25.950807646453,3.09345302501481e-06,0.0213804005823898,Penk,20,P.pol,12,my_clusters
-5.56851625612167,10.1245130066787,709.416449058189,7.40744360943008e-26,1.2451171963091e-21,Xist,10,P.pol,12,my_clusters
-1.3061057428476,7.67513219852546,46.2122209865045,5.94471537429208e-08,0.0004996236036323,Tsix,10,P.pol,12,my_clusters
-0.877962497706878,8.67056609638629,27.4471353773273,7.15886499409784e-06,0.0401111205619302,Nosip,10,P.pol,12,my_clusters
-3.41574744755555,9.15831434865262,46.6369257469568,1.02653412460732e-10,1.32710331629235e-06,Xist,23,P.pol,12,my_clusters
2.10208114402324,10.201358545305,28.0201093103549,3.24668918535654e-07,0.0020986598894144,Mbp,23,P.pol,12,my_clusters
-5.00738795439901,9.42345668392786,377.742638487424,4.14618260410017e-21,6.630575220477e-17,Xist,12,P.pol,12,my_clusters
-6.17925677814969,10.0304989856662,1157.80732328582,9.883920862940779e-36,1.7528145258339202e-31,Xist,21,P.pol,12,my_clusters
-1.2552583491796,7.84877055648352,61.4858201264546,3.83388121165557e-10,3.39950247037499e-06,Tsix,21,P.pol,12,my_clusters
-0.910804391904749,8.42146358868258,33.8302170018886,4.77432273443671e-07,0.0028222613124166,Tac1,21,P.pol,12,my_clusters
0.597886541947807,9.37339362463078,27.4731212897326,3.5216674984062e-06,0.0156133128541839,Lrp1b,21,P.pol,12,my_clusters
-1.2779746364474,6.18180964253255,25.4634532692542,6.73639911555099e-06,0.0238926603830362,Sgta,21,P.pol,12,my_clusters
-2.19442342211935,4.97596125505341,23.3526721322462,1.14772252281522e-05,0.0339228520326753,Ccdc71l,21,P.pol,12,my_clusters
-5.21714447123205,9.77536504771418,1192.56637306907,7.71844851564281e-36,1.41494598188764e-31,Xist,22,P.pol,12,my_clusters
-0.933588282063118,7.50646850562841,44.2405550793766,2.37761813229075e-08,0.0002179324780057,Tsix,22,P.pol,12,my_clusters
-5.83980002929196,10.2871925990939,356.812203283315,3.0316193552529703e-19,4.6844582277369e-15,Xist,26,P.pol,12,my_clusters
-1.44630873823687,9.65173805175949,37.2959388847301,1.46887972645321e-06,0.0113485647665775,Cartpt,26,P.pol,12,my_clusters
-1.31182250642879,8.08206237348697,34.4813454668148,2.70855636675508e-06,0.0139508709930332,Tsix,26,P.pol,12,my_clusters
-5.93404181911787,9.83236813375118,1026.1274535234,1.0900700293656898e-30,1.86064053312429e-26,Xist,1,P.pol,12,my_clusters
-4.92077465015944,7.95829061712985,149.285561954131,1.93124260005397e-14,1.64821899701606e-10,Gnrh1,1,P.pol,12,my_clusters
-1.20197856534347,7.98548992077957,56.989985261658,4.11215009500409e-09,2.3396763323875e-05,Tsix,1,P.pol,12,my_clusters
-1.24986274851037,8.33218166673207,26.5718918306022,7.88741099680138e-06,0.0336575545761007,Nfic,1,P.pol,12,my_clusters
-5.29202395972617,9.32834633463262,1214.46382758733,1.0179060939230499e-33,1.90053246796373e-29,Xist,18,P.pol,12,my_clusters
-3.05932333106489,4.10874331787935,26.7992522958249,4.4779586718809e-06,0.0418039831813441,Jpx,18,P.pol,12,my_clusters
-4.95215493053667,9.32427686763317,592.098265632696,1.92803071825453e-24,3.14808855676599e-20,Xist,13,P.pol,12,my_clusters
0.730850753340236,9.60469784893029,39.1052130658305,3.51005744193788e-07,0.002865610895598,Lrp1b,13,P.pol,12,my_clusters
-4.70384061884933,9.66358557215863,160.142113652056,2.46508132841444e-15,3.60518144280612e-11,Xist,7,P.pol,12,my_clusters
-6.35090059373424,9.87633692871543,1858.1800061584,4.72170400943274e-37,8.69501793337038e-33,Xist,27,P.pol,12,my_clusters
-1.9041135193562,7.30830129992348,113.409942006158,1.35840616474891e-13,1.2507524761925602e-09,Tsix,27,P.pol,12,my_clusters
-4.77080808387316,4.3225167582283,49.5657858482697,1.69583061210446e-08,0.0001040957357396,Jpx,27,P.pol,12,my_clusters
-6.04990826782733,9.32525141979823,1876.31647673502,3.72288655713476e-39,6.96068099587486e-35,Xist,31,P.pol,12,my_clusters
-3.46579688688507,5.81685404482527,148.044304305576,2.31669460091989e-16,2.16576194766996e-12,Tsix,31,P.pol,12,my_clusters
-4.24586739858381,3.85088356756056,45.8128625952289,2.07158760670255e-08,0.0001291082449417,Jpx,31,P.pol,12,my_clusters
0.313944565073696,13.6666029456589,26.913613192842,4.73309520186063e-06,0.0221236702472971,Snhg11,31,P.pol,12,my_clusters
-0.659735742856623,7.13714189421407,24.7393718160049,9.72022424868033e-06,0.0363478065555152,Insig1,31,P.pol,12,my_clusters
1.97200106751751,4.82311481446406,23.2615442620094,1.33650964009936e-05,0.041647867901563,Gnrh1,31,P.pol,12,my_clusters
-0.375374296323452,9.47444385960742,23.1184212790093,1.68711186807129e-05,0.0450627579961841,Pvalb,31,P.pol,12,my_clusters
-5.46439282252586,9.54076282646434,584.970287431812,4.0431106791873105e-25,6.39458385020265e-21,Xist,32,P.pol,12,my_clusters
-1.54151410001867,7.84961863680475,30.9740311878067,2.85778936579307e-06,0.0225993983046916,Vip,32,P.pol,12,my_clusters
-6.94088041189016,9.54542867432506,1016.94932991745,4.88097795349482e-35,8.26398377306208e-31,Xist,33,P.pol,12,my_clusters
-1.7310702123768,6.96507653223454,41.0422843893312,7.3565632500686e-08,0.0006227698619345,Tsix,33,P.pol,12,my_clusters
-1.07444235285521,8.87482975276323,26.8433056941906,5.27732194964846e-06,0.0297834459764994,Nfic,33,P.pol,12,my_clusters
-6.00817228119646,9.13116243097465,1102.03380219354,8.13734882121659e-37,1.4705003054820501e-32,Xist,25,P.pol,12,my_clusters
-0.759924863377834,8.26428158045536,34.508894856261,3.31872413051782e-07,0.0029986331881293,Nosip,25,P.pol,12,my_clusters
-4.16709259184584,4.06263999083457,28.1858858797322,2.85284661896079e-06,0.0136206546373806,Jpx,25,P.pol,12,my_clusters
-1.1624950029001,8.43264541353346,27.5916848846515,3.01491995736387e-06,0.0136206546373806,Nfic,25,P.pol,12,my_clusters
-4.48046043445824,9.1345336893624,506.614637779156,8.17214299856136e-28,1.47686968270001e-23,Xist,11,P.pol,12,my_clusters
-1.2568995669854,6.84795065891355,37.5942971152505,1.38747884517186e-07,0.0012537258844972,Tsix,11,P.pol,12,my_clusters
-5.43749756564171,4.11103440267077,32.9565172737068,7.74023805637785e-07,0.004662719405162,Jpx,11,P.pol,12,my_clusters
-6.4470513747281,9.75086265762259,933.035776478236,8.652816305117319e-30,1.5571608222689102e-25,Xist,19,P.pol,12,my_clusters
-0.863603868337581,7.97484511680689,38.0013444107684,3.13262188757154e-07,0.0028187331744368,Tsix,19,P.pol,12,my_clusters
-1.30993172764303,8.63615700199112,35.3183993996134,6.35245380465017e-07,0.0038106252889494,Nfic,19,P.pol,12,my_clusters
-6.75455108903873,9.34594704070656,1091.49518401819,5.07916364280523e-33,8.755970203831929e-29,Xist,30,P.pol,12,my_clusters
-2.8469918480768,6.57886436286987,71.4649082317491,3.24190187986181e-10,2.79435732534688e-06,Vip,30,P.pol,12,my_clusters
-1.22934589102086,7.41139508814885,40.7181955756512,1.81149599636097e-07,0.0010409459827088,Tsix,30,P.pol,12,my_clusters
0.331536507900485,13.0775651240675,27.2835200473858,6.78220595880064e-06,0.0292296121309411,Snhg11,30,P.pol,12,my_clusters
-5.66275909367878,9.50114067954932,1157.72073993882,1.93706791895012e-34,3.5084174148024596e-30,Xist,24,P.pol,12,my_clusters
-5.94888279502224,9.57903905404968,457.756170577943,2.37641191773774e-25,3.7150447509994005e-21,Xist,35,P.pol,12,my_clusters
-1.39219547830824,8.97863585392058,38.5495809826252,2.30215416732334e-07,0.0017994788048882,Nfic,35,P.pol,12,my_clusters
-1.40711401094773,7.45566648294187,25.8118789819434,8.02082636610539e-06,0.0417965261937752,Tac1,35,P.pol,12,my_clusters
-5.60473776057365,9.72705445977579,147.238593579191,1.1561890521135999e-23,1.54131562537264e-19,Xist,36,P.pol,9,my_clusters
-5.81229405250009,10.017833299495,521.622255628656,1.48823180957378e-22,2.24470003838013e-18,Xist,37,P.pol,12,my_clusters
-5.78484637853994,10.0111835397979,800.327237084927,1.40512784582551e-36,2.43508655681561e-32,Xist,38,P.pol,12,my_clusters
-6.75504463123791,9.89362997584143,96.9013759255382,9.75901525772631e-23,1.29628999668379e-18,Xist,40,P.pol,12,my_clusters
-4.89099746080893,9.94396038465782,305.298030557792,1.73766356402433e-22,2.6026724861956498e-18,Xist,17,P.pol,12,my_clusters
-5.33692341943402,10.4875397458336,534.380609496003,1.44737375108951e-114,2.4090088713133702e-110,Xist,41,P.pol,12,my_clusters
-7.86785888596905,11.124296008264,135.734057151785,4.0252974899905e-31,5.64789490820566e-27,Xist,43,P.pol,12,my_clusters
-2.75715059543355,8.68678775089107,25.3125491551428,4.97952274177751e-07,0.003493384179494,Tsix,43,P.pol,12,my_clusters
-6.1857667746,9.76142930068529,1459.51228616199,3.78885986883304e-40,6.852153072784549e-36,Xist,2,P.pol,12,my_clusters
-0.669734708737256,9.61578515634672,38.706557445388,8.80781028563136e-08,0.0005350509049963,Tac2,2,P.pol,12,my_clusters
-1.41881108642079,6.47638979144074,38.4223395030851,8.87560251583657e-08,0.0005350509049963,Gm34066,2,P.pol,12,my_clusters
0.89052990575729,7.75549520922547,32.5984085644403,5.63351824570413e-07,0.0025470544368389,Nrip1,2,P.pol,12,my_clusters
-3.02385941671715,4.55153728726277,30.4180197805408,9.20985246374355e-07,0.0030498776067684,Jpx,2,P.pol,12,my_clusters
-1.15002365241246,8.72230892909753,30.7574536694364,1.011847699232e-06,0.0030498776067684,Nfic,2,P.pol,12,my_clusters
1.72232925808526,5.47673957189852,29.4718295003177,1.38735013994563e-06,0.0032186261377675,Fkbp5,2,P.pol,12,my_clusters
-0.725215654100757,9.32120102500103,29.7057661432744,1.42377711374841e-06,0.0032186261377675,Penk,2,P.pol,12,my_clusters
1.11463263040305,6.7444024861412,26.3724887036641,4.26329950160377e-06,0.0077216121811519,Col25a1,2,P.pol,12,my_clusters
-0.622567150315314,9.45005229631534,26.4224412332981,4.26962243912189e-06,0.0077216121811519,Gal,2,P.pol,12,my_clusters
-2.03298543400538,5.29010010277092,25.5465245039436,4.90620207709236e-06,0.0080662422331104,Gm28040,2,P.pol,12,my_clusters
-1.1897372219826,6.20509097905725,25.018868006063,6.85385955990054e-06,0.0103293375117334,Col11a1,2,P.pol,12,my_clusters
0.898057751311935,6.83974000827612,22.4494924181848,1.7335926793379e-05,0.0237097873274218,Arpp21,2,P.pol,12,my_clusters
1.84532374955746,5.00506937968175,22.0602063673586,1.83542727444791e-05,0.0237097873274218,Nmb,2,P.pol,12,my_clusters
0.746249541221487,7.43727104219386,21.9685429917494,2.0601038862668e-05,0.0248379858554233,Elmo1,2,P.pol,12,my_clusters
0.556083427152997,8.58841118098189,21.7446066879555,2.23565200185611e-05,0.0252698540334799,Ecel1,2,P.pol,12,my_clusters
1.03611999368145,6.2441014537392,20.6164061858256,3.35304367483865e-05,0.0346457541105789,Tmtc1,2,P.pol,12,my_clusters
0.704856657718341,7.66456248097356,20.574581222163,3.44829181084003e-05,0.0346457541105789,Sgcd,2,P.pol,12,my_clusters
0.404080643119452,10.2674454413106,20.0839099547118,4.13967979673937e-05,0.0380771436909034,Nrxn3,2,P.pol,12,my_clusters
0.349109538163065,13.7728596504976,20.0385138828407,4.21090889586989e-05,0.0380771436909034,Snhg11,2,P.pol,12,my_clusters
1.43224266202357,5.34818485995245,19.6005536255543,4.59932757012424e-05,0.0396089710027128,Ndst3,2,P.pol,12,my_clusters
-5.87130014216487,9.37161969320121,951.493631456652,2.31546341929933e-34,4.03770511057418e-30,Xist,34,P.pol,12,my_clusters
-1.14863481854805,7.70869444450256,42.4597971528349,3.83055910060317e-08,0.0003339864479815,Tsix,34,P.pol,12,my_clusters
-1.70563917415374,6.30309656683396,33.5134713169617,4.85623321841368e-07,0.0028227664954232,Crh,34,P.pol,12,my_clusters
-1.05188100884703,8.44658834656854,26.1178261223248,5.36129873268065e-06,0.0233725818251213,Nfic,34,P.pol,12,my_clusters
-5.02808994602779,9.85455723458826,510.958129944554,2.36207254400455e-21,3.90663178052913e-17,Xist,28,P.pol,12,my_clusters
-5.55960794660382,10.4718820762962,265.996478580797,7.2091193063532005e-59,1.13651765864658e-54,Xist,42,P.pol,12,my_clusters
-1.67094112927737,7.73591518526672,24.6297902508029,7.08781401456295e-07,0.0055869693969792,Tsix,42,P.pol,12,my_clusters
-6.41285808201685,9.38253304479612,1145.91270102312,2.24347237562535e-34,4.00235471811562e-30,Xist,29,P.pol,12,my_clusters
-6.4388014096926,10.1153898823669,1192.21205163577,1.41242340608465e-33,2.49123240365211e-29,Xist,39,P.pol,12,my_clusters
-1.37928514116793,7.52163702235272,72.760150820186,9.66536073186382e-11,8.52388162943071e-07,Tsix,39,P.pol,12,my_clusters
-4.37468497725537,4.72935254304376,36.594051673202,4.30476289083628e-07,0.002530913595619,Col9a2,39,P.pol,12,my_clusters
-5.80637040977923,10.1380614981024,870.298335843052,3.29952527716513e-46,5.80815434539378e-42,Xist,44,P.pol,12,my_clusters
-3.12688493112133,6.8621019329392,138.220696351821,1.63236481725036e-19,1.4367258939029102e-15,Tsix,44,P.pol,12,my_clusters
3.43008750808266,4.68055145718173,34.4099058375301,9.70867834961507e-08,0.0005696728832942,Acta2,44,P.pol,12,my_clusters
-3.82642799411047,4.60373281111563,31.772319546294,2.24223673096063e-07,0.0008000241139125,Jpx,44,P.pol,12,my_clusters
-2.81898753110142,5.17293612852164,31.6227668965251,2.27240843581359e-07,0.0008000241139125,Col9a2,44,P.pol,12,my_clusters
3.70347860257074,4.49622458131444,28.5284037355387,8.49455199898483e-07,0.0024921599806355,Tagln,44,P.pol,12,my_clusters
1.09055032825251,9.15118884491633,22.4629153627507,8.59661543121118e-06,0.0216180316336586,Gm43320,44,P.pol,12,my_clusters
-5.52160035321802,9.44110769892794,83.0841595626335,9.7550450021279e-20,1.2875683898308602e-15,Xist,45,P.pol,11,my_clusters
-4.20672936848664,10.4712611775679,46.4405834708005,1.0116250425361099e-11,1.42993199762479e-07,Xist,46,P.pol,12,my_clusters
-4.92857574336193,9.83091143123421,173.557706688126,2.89109652290345e-17,4.39446671481324e-13,Xist,47,P.pol,12,my_clusters
-6.84039420474677,10.1192126412206,490.582912132135,1.5120269337635701e-24,2.27771737302144e-20,Xist,15,P.pol,12,my_clusters
-4.45271478885888,10.2261070284677,131.918826809496,4.6163652719214e-26,6.39782063035587e-22,Xist,48,P.pol,12,my_clusters
-6.76632364442813,10.3232802097319,550.179760235623,8.68517748648469e-118,1.43982872370943e-113,Xist,49,P.pol,11,my_clusters
-4.01957703102162,6.82905675976591,76.3404236312903,2.86553226832265e-18,2.37523969721265e-14,Tsix,49,P.pol,11,my_clusters
-1.98102096238542,6.8249458331999,28.6959988200154,8.69936190091568e-08,0.0004807267386446,Crh,49,P.pol,11,my_clusters
-1.84030893242209,6.75855243936164,26.337919202646,2.93229419854917e-07,0.0012152893305887,Col9a2,49,P.pol,11,my_clusters
-5.16179025432502,5.22918922768425,22.1943344974786,2.50486755409233e-06,0.0083051388623485,Jpx,49,P.pol,11,my_clusters
-6.47339096950711,10.0076249438059,125.422869604879,6.68481750623908e-29,1.0624848944416401e-24,Xist,50,P.pol,12,my_clusters
-7.9691485673203,10.5670553607191,160.905824218272,1.5882660656091e-36,2.26375562331265e-32,Xist,51,P.pol,8,my_clusters
-4.0705914531024,7.98848822916432,28.0981218791709,1.18342829904162e-07,0.000843370177312,Tsix,51,P.pol,8,my_clusters
-6.90607849917352,10.3996454622684,825.219277714156,6.60314432091775e-38,1.08925468717859e-33,Xist,20,P.man,12,authors_clusters
-4.68495504391874,8.52017313387479,204.835955532646,1.87953600733472e-20,1.55024129884968e-16,Gm28040,20,P.man,12,authors_clusters
-1.07032782295524,8.30077068498092,36.4475523286144,1.19500717291647e-07,0.0006570946108143,Tsix,20,P.man,12,authors_clusters
1.01126297383203,8.2995697202079,33.8948862974723,2.69611415193641e-07,0.0011118774762585,Gtf2a2,20,P.man,12,authors_clusters
-1.98121764578635,6.57812672349532,28.8769972837775,1.27923158224919e-06,0.0042204408361565,Srrd,20,P.man,12,authors_clusters
4.21333677944335,5.31790412384111,27.0055015966548,3.07122920038864e-06,0.0084438328149351,4933412L11Rik,20,P.man,12,authors_clusters
2.19913049530314,6.48474335388549,24.9593707789579,5.33413836754238e-06,0.012570278072997,Pomc,20,P.man,12,authors_clusters
1.38111822504141,6.99446779051827,23.2580728675316,1.049438500791e-05,0.0216394218863104,D830024N08Rik,20,P.man,12,authors_clusters
-5.10857183137392,9.75295840108281,611.909214457027,3.2924321296666097e-28,5.63466834671143e-24,Xist,27,P.man,12,authors_clusters
1.31513534497327,8.13264259768858,66.5220358715918,2.23768745992216e-10,1.91478915945539e-06,Gtf2a2,27,P.man,12,authors_clusters
-1.88388272582819,6.45592999336511,37.3693870593023,1.6253338109316e-07,0.0009271987613427,Srrd,27,P.man,12,authors_clusters
2.19179518640097,6.04908100874366,28.3323475935519,2.74148394482716e-06,0.011729439057943,4933412L11Rik,27,P.man,12,authors_clusters
-6.97043840539644,9.26802929638911,103.646379594241,3.37606322262144e-24,6.18967431235415e-20,Xist,8,P.man,8,authors_clusters
3.63232866889718,7.57099249088511,44.1523412075201,3.2333252556683695e-11,2.96398926187119e-07,Gm20536,8,P.man,8,authors_clusters
3.41839211500742,6.72126046576453,29.9703070292404,4.51777830843683e-08,0.0002760964916896,Tubb2a,8,P.man,8,authors_clusters
-6.35477118620363,4.29997845693896,21.5229777937647,3.55079171274965e-06,0.016275053815388,AC121094.1,8,P.man,8,authors_clusters
-5.29525321466361,9.78248907701409,1103.67170282117,5.74851599826248e-39,1.07439764007526e-34,Xist,5,P.man,12,authors_clusters
1.23904077376487,8.24603203121622,102.682173927957,2.56975847403244e-14,2.4014392939833203e-10,Gtf2a2,5,P.man,12,authors_clusters
1.10919467498532,7.48311878712004,53.5496026452368,9.88638203841956e-10,6.15921600993538e-06,Sgcd,5,P.man,12,authors_clusters
-1.44656350076515,6.36837103245136,52.3607394175959,1.3539575545647e-09,6.32636667370354e-06,Srrd,5,P.man,12,authors_clusters
2.11387372189629,5.91010933182653,46.9208689568619,4.8198774428177e-09,1.80167018812525e-05,4933412L11Rik,5,P.man,12,authors_clusters
0.627388301113382,9.72156570965051,45.0825152474515,9.871124008869261e-09,3.07485512876277e-05,Lrp1b,5,P.man,12,authors_clusters
-1.0218615257136,8.74449243464273,44.3941537830487,1.20071483811081e-08,3.20590861775586e-05,Tac1,5,P.man,12,authors_clusters
-3.20180074259555,4.45995279223053,39.383689575866,4.35827742892644e-08,0.0001018202564332,Jpx,5,P.man,12,authors_clusters
2.96177527595018,4.31555851989292,35.7076357920915,1.70048687327513e-07,0.0003531344406834,Mastl,5,P.man,12,authors_clusters
-0.825485654669727,7.48636412414128,35.1894616982481,1.91233598882029e-07,0.0003574155963105,Serpine2,5,P.man,12,authors_clusters
-1.77692348979435,5.84122695153955,32.4190041190291,4.43048631656094e-07,0.000752779902332,Tubb2a,5,P.man,12,authors_clusters
1.04873592516202,6.43296795933944,32.181854171394,4.92913897738551e-07,0.0007677133957277,Col25a1,5,P.man,12,authors_clusters
0.801775057749941,7.66674275509499,31.1148290691756,7.13448918176293e-07,0.0010257200215934,Nrip1,5,P.man,12,authors_clusters
-0.644768183415925,10.7316342036045,29.7407747988149,1.13109664128313e-06,0.0015100140161129,Tac2,5,P.man,12,authors_clusters
-0.675969874029411,9.57564881703862,27.3171239638812,2.59674805713885e-06,0.003235548079195,Gal,5,P.man,12,authors_clusters
1.00449054429393,6.3207435164697,25.5977209160756,4.67650144137243e-06,0.0054627382462031,Cald1,5,P.man,12,authors_clusters
-1.79827197339373,4.91247286825376,23.97712684758,7.737453813871e-06,0.0084861098084646,Gm34066,5,P.man,12,authors_clusters
1.50479530087989,5.24749399117789,23.920817633609,8.1728184351184e-06,0.0084861098084646,Gm20754,5,P.man,12,authors_clusters
-0.943126494619007,6.33319593766477,22.7034195502328,1.36060927668255e-05,0.0133840986216826,Grp,5,P.man,12,authors_clusters
0.9003159270671,7.04603584539779,21.9652839480998,1.79465698479772e-05,0.0167710695229347,D830024N08Rik,5,P.man,12,authors_clusters
-2.65280732260939,4.06189669106063,21.337561734954,2.19100091018599e-05,0.0194999081006554,Fbln2,5,P.man,12,authors_clusters
-0.966535465729822,5.95539971417429,21.243592928621,2.30747534999468e-05,0.0196030519506366,Gm16054,5,P.man,12,authors_clusters
-0.977624825959499,5.9685728265144,20.4251975604158,3.21584816600614e-05,0.0261322618359368,Npy1r,5,P.man,12,authors_clusters
0.544918990393974,8.05475708698314,20.1375631186847,3.59425346702449e-05,0.0274716921279848,Dlgap1,5,P.man,12,authors_clusters
-0.682245154175917,7.06595957749035,20.0795892760442,3.67465116746721e-05,0.0274716921279848,Dlk1,5,P.man,12,authors_clusters
1.16923672900113,5.76883881180955,19.8799951950378,3.9097054591422e-05,0.0281047673197568,Gm26699,5,P.man,12,authors_clusters
0.933792759133998,6.14452835879666,19.6340444721907,4.28684708197595e-05,0.0294708292175416,Gm44438,5,P.man,12,authors_clusters
2.36929324643805,4.24661100652456,19.5546639229835,4.41510550075529e-05,0.0294708292175416,Lcp1,5,P.man,12,authors_clusters
-0.646101557297491,7.07419914366648,19.2834702195499,5.00585321323283e-05,0.0300220190413717,Ap1s2,5,P.man,12,authors_clusters
-3.26156991648257,3.75938767467971,19.1914632939363,5.06809616988152e-05,0.0300220190413717,Fes,5,P.man,12,authors_clusters
0.814005101297711,6.33795741524765,19.1514150343279,5.19730044378153e-05,0.0300220190413717,Map4k1,5,P.man,12,authors_clusters
-0.874783647942268,6.09289689682332,19.0797139922848,5.23179305231204e-05,0.0300220190413717,Pla2g7,5,P.man,12,authors_clusters
1.29796793942629,5.14088811308708,19.0815697019763,5.30083803298698e-05,0.0300220190413717,Slc10a4,5,P.man,12,authors_clusters
-0.771573625292713,6.6841711672102,19.0398315186151,5.50568424265017e-05,0.030265070145627,Adra2a,5,P.man,12,authors_clusters
0.466890851971284,8.60701767752385,18.953839718608,5.68954409707398e-05,0.0303821654783751,Hmgn3,5,P.man,12,authors_clusters
0.89094209948308,6.11461094336512,18.3821398065256,7.03486322068808e-05,0.0365226648874056,1700088E04Rik,5,P.man,12,authors_clusters
0.920919449729706,5.97543513460613,18.1595017098879,7.55502909444101e-05,0.0377692843446071,Memo1,5,P.man,12,authors_clusters
0.493173256562497,8.06517875454068,18.1938762442312,7.67914823485859e-05,0.0377692843446071,Prmt9,5,P.man,12,authors_clusters
-0.475101978173283,8.17972104607262,18.0914173502063,7.99504625814978e-05,0.038314721683287,Tsix,5,P.man,12,authors_clusters
3.84798399082316,3.5638605909204,18.1003611127696,8.42687063173958e-05,0.0393745530268032,Gm44199,5,P.man,12,authors_clusters
-5.26242161412746,9.8387571339607,1507.84616767478,3.3243617567848e-39,5.869493117779241e-35,Xist,9,P.man,12,authors_clusters
3.16874480173569,7.1644967071013,144.302412981108,1.2215904456856e-16,1.07842004545125e-12,Dcn,9,P.man,12,authors_clusters
1.7519916127822,8.28944152673476,134.886241408167,7.27471883149952e-16,4.2814145229651795e-12,Tac1,9,P.man,12,authors_clusters
1.51748417202493,7.78267371996111,87.5776491927941,1.29154437568741e-12,5.700876874284221e-09,Ecel1,9,P.man,12,authors_clusters
0.929783021842179,8.04692898311526,43.8970354408775,2.22677820103399e-08,7.86319918349122e-05,Gtf2a2,9,P.man,12,authors_clusters
0.388106111510224,13.6380405377542,31.5683020253724,8.29473439589074e-07,0.0024408638415641,Snhg11,9,P.man,12,authors_clusters
1.39253765758813,6.22439200215182,28.3067545950516,2.25148571844201e-06,0.0056788902635445,Crhr2,9,P.man,12,authors_clusters
1.16348136668419,6.65287724801655,27.4187307950978,3.18275677183951e-06,0.0070243441954498,Traf3ip1,9,P.man,12,authors_clusters
0.719340081283319,8.60550454483056,26.3334394531521,4.61889541288813e-06,0.0090612463788836,Cck,9,P.man,12,authors_clusters
0.74992094656694,7.77178887644038,25.4580645627419,6.24080511426179e-06,0.0101132680407114,Sh3bgrl,9,P.man,12,authors_clusters
1.18301175815633,6.61903719435203,25.3275456596422,6.30074470139473e-06,0.0101132680407114,Arhgap6,9,P.man,12,authors_clusters
-1.37359192174124,6.23730561584283,23.6182745444632,1.17560958240745e-05,0.0172971356558216,Srrd,9,P.man,12,authors_clusters
-0.817185422565594,7.75757635226458,22.8367522438965,1.56273209494093e-05,0.0212243060525209,Tsix,9,P.man,12,authors_clusters
1.39121406437472,5.85087637362879,21.9856142113387,2.00926667592236e-05,0.0240669182890285,Etl4,9,P.man,12,authors_clusters
1.42434112361479,5.72478707154283,21.9692713787901,2.04465209750468e-05,0.0240669182890285,Prtn3,9,P.man,12,authors_clusters
1.08351650285483,6.98582404372016,21.1709150061453,2.83695288490474e-05,0.0295564019054059,D830024N08Rik,9,P.man,12,authors_clusters
-0.35584193230826,10.5687636937999,21.181741837106,2.84582483230574e-05,0.0295564019054059,Nnat,9,P.man,12,authors_clusters
0.946130261880677,6.92769068028054,20.3471284870939,3.85504549254955e-05,0.0378137128980305,Egr1,9,P.man,12,authors_clusters
1.28265212625788,6.18597394482831,20.0662356744208,4.25052113227363e-05,0.0394985269007491,Dock4,9,P.man,12,authors_clusters
0.664307368582485,7.89400760799454,19.8423725919226,4.68126449904456e-05,0.0406992011229307,Prmt9,9,P.man,12,authors_clusters
-1.60366032564476,5.10872309525093,19.6384894079342,4.84075228580394e-05,0.0406992011229307,Pitrm1,9,P.man,12,authors_clusters
0.645807460649155,7.80269211687684,19.1981140482512,5.96671710914131e-05,0.0465888454910207,Sorbs2,9,P.man,12,authors_clusters
0.950244932103027,6.95332274996929,19.1519864085018,6.06900456668257e-05,0.0465888454910207,Sgcd,9,P.man,12,authors_clusters
-7.81105408093893,10.345567806199,450.36355790551,6.7813639799908e-28,1.0108301148574301e-23,Xist,40,P.man,12,authors_clusters
-2.36849108289865,8.34900034770497,50.5697837701757,2.17610603723683e-09,1.62185182955261e-05,Penk,40,P.man,12,authors_clusters
-1.52123831426797,8.23858008946557,26.0761460688971,4.02378558330989e-06,0.0199928493016058,Tsix,40,P.man,12,authors_clusters
-5.79996279806129,10.5641704238343,1051.84628424619,2.4419935550595e-31,4.10621216283254e-27,Xist,15,P.man,12,authors_clusters
-1.43564556786008,8.15769191026174,68.0481569958829,2.7488562082123303e-10,2.31110085705452e-06,Tsix,15,P.man,12,authors_clusters
3.31209897545263,5.21267143616872,32.7727870767083,1.35124144145033e-06,0.0075737082793291,Gnrh1,15,P.man,12,authors_clusters
-1.55521244580941,6.37524093619531,24.6068891139764,1.12820670975462e-05,0.0474269895613099,Srrd,15,P.man,12,authors_clusters
-5.17358952710912,10.182697246203,858.881154226285,6.705892549704769e-34,1.20343947697002e-29,Xist,16,P.man,12,authors_clusters
-1.59935999480653,6.67123762794642,41.39985650002,3.87539270411943e-08,0.0003477389873406,Srrd,16,P.man,12,authors_clusters
1.01241229108675,8.12733314225371,37.470756068722,1.271154192459e-07,0.0007604044379289,Gtf2a2,16,P.man,12,authors_clusters
-0.788166408800381,8.42297515309643,35.3358007421771,2.4165195236469e-07,0.0009550662406799,Tsix,16,P.man,12,authors_clusters
1.22462755651299,6.81117482272441,35.0306707319483,2.66094461350718e-07,0.0009550662406799,D830024N08Rik,16,P.man,12,authors_clusters
1.98425660505044,5.55072163790536,30.1486061127699,1.07715991080822e-06,0.0032217852932273,4933412L11Rik,16,P.man,12,authors_clusters
0.8051934857168,7.36936313807706,23.5773264072325,1.15700812733134e-05,0.0296623826472689,Sh3bgrl,16,P.man,12,authors_clusters
-8.867127775208,9.68809261772169,233.757783942905,2.3683499776990103e-19,3.3609254533526604e-15,Xist,44,P.man,12,authors_clusters
-5.89439068855959,10.1971305520366,1125.38484404431,5.18371384775413e-42,8.67027978175355e-38,Xist,23,P.man,12,authors_clusters
-1.0456782059471,7.68196146705993,29.8626706226137,8.79298638383512e-07,0.0073535745128013,Tsix,23,P.man,12,authors_clusters
-1.32520050599585,6.7005910745684,24.8569597292229,4.79452988612832e-06,0.0229490100658985,Gal,23,P.man,12,authors_clusters
0.918627625780997,8.201148149231,24.753414401921,5.4882243371753e-06,0.0229490100658985,Gtf2a2,23,P.man,12,authors_clusters
1.97943228403825,6.10666822072212,22.9477717748706,9.79643662358144e-06,0.0327710397932046,4933412L11Rik,23,P.man,12,authors_clusters
-6.38129881080414,9.63648556031879,735.607600196499,3.6204739721432702e-155,6.009624746360611e-151,Xist,13,P.man,12,authors_clusters
1.36817014497047,8.21124862810486,49.0812396341096,2.65148817377135e-12,2.20060260982153e-08,Gtf2a2,13,P.man,12,authors_clusters
-1.79663687712423,6.70823789696489,29.3396883331835,6.24720463365529e-08,0.0003456578323801,Tubb2a,13,P.man,12,authors_clusters
0.538553175195532,10.7849467589704,28.1682468755655,1.14145536252909e-07,0.0004736754390655,Avp,13,P.man,12,authors_clusters
-0.785922076214435,8.89279155707185,25.7500614654646,3.97210431593557e-07,0.0013186591908042,Tac1,13,P.man,12,authors_clusters
-1.30575675241142,7.19373369402552,22.8652939104747,1.76811235621041e-06,0.0048914828334561,Srrd,13,P.man,12,authors_clusters
1.55355740374628,6.64382721012838,20.2017809202309,7.06515682541598e-06,0.0167535054492971,Cald1,13,P.man,12,authors_clusters
2.84814682643359,5.55617827252045,18.9162628233733,1.38247200541578e-05,0.0286845660223707,2610306M01Rik,13,P.man,12,authors_clusters
-4.48709051226103,9.96060933877062,334.980395400659,5.0565283028064e-26,8.21989240904208e-22,Xist,35,P.man,12,authors_clusters
1.20437674934272,8.05248930521518,24.9904161751142,5.54781553008762e-06,0.0450926446285522,Gtf2a2,35,P.man,12,authors_clusters
-5.62731943680856,10.3477592817655,645.54373724055,1.34261922312108e-21,2.19209440558979e-17,Xist,29,P.man,11,authors_clusters
1.25535434913765,9.22762932186732,60.6025315800631,1.7637743221761e-08,0.0001439857167908,Fos,29,P.man,11,authors_clusters
1.53478942219081,7.95114983193328,47.0375143199456,1.68552125477299e-07,0.0009173168508892,Nts,29,P.man,11,authors_clusters
-3.54239626218899,6.77399825319639,38.9791626488705,1.22025078927644e-06,0.0049807586591291,Pmch,29,P.man,11,authors_clusters
-5.34076916022686,9.62889707751685,1677.7807099525,5.29785835603362e-41,1.00548053739162e-36,Xist,1,P.man,12,authors_clusters
1.09660883554362,7.93570080018665,113.759976973802,1.45199086882024e-14,1.37786673496697e-10,Gtf2a2,1,P.man,12,authors_clusters
-1.54296327010536,6.5047883061419,79.3036625251166,5.848179304240219e-12,3.6997531671725e-08,Srrd,1,P.man,12,authors_clusters
-3.9928922387826,4.28409211102581,58.5629873655878,3.79935179518225e-10,1.8026974430191e-06,Jpx,1,P.man,12,authors_clusters
2.37483342504396,4.4244220050552,45.158953396818,1.45212807006646e-08,5.51198772835827e-05,Chdh,1,P.man,12,authors_clusters
1.9758630554114,5.56806730026124,39.0493452247992,7.67832139919999e-08,0.000242878103059,4933412L11Rik,1,P.man,12,authors_clusters
-0.723682763331641,7.76294337170463,36.9256537045569,1.56917341258656e-07,0.0004254477456782,Tsix,1,P.man,12,authors_clusters
-1.7870934053463,5.98167753819781,31.2782533321685,7.85607506241438e-07,0.0018637556076195,Tubb2a,1,P.man,12,authors_clusters
-5.34158584165433,3.54264392639964,31.5018274795733,1.1124480038316e-06,0.0023459056294133,Fes,1,P.man,12,authors_clusters
2.37923642803009,3.79867956321719,24.7291189891944,7.47173088048407e-06,0.0141805980380707,Mastl,1,P.man,12,authors_clusters
-0.84302262746839,6.31797021720794,23.342134252457,1.27299683722109e-05,0.0216741904539371,Agbl3,1,P.man,12,authors_clusters
-0.810022558011149,6.48889160996244,23.1763019289193,1.37041090387926e-05,0.0216741904539371,Dmtf1,1,P.man,12,authors_clusters
-1.33257478351898,5.08116229429551,21.1970867316892,2.64649547188799e-05,0.038636798123817,Gm26538,1,P.man,12,authors_clusters
-0.946460582860929,5.64340108134337,21.0322626167743,2.88406761742403e-05,0.039097656650779,Plpp4,1,P.man,12,authors_clusters
-0.602204678275689,6.97200966945225,20.4810185028875,3.65740703433614e-05,0.0462759520697771,Smim12,1,P.man,12,authors_clusters
-6.11621680604798,9.46225548159118,806.620558076654,3.49351205640988e-28,6.03853558950447e-24,Xist,22,P.man,12,authors_clusters
1.15043418069906,8.08214242636665,48.3779043747119,2.46795829209655e-08,0.0002132932953944,Gtf2a2,22,P.man,12,authors_clusters
-1.32269620515601,6.93861945290909,35.1855004078554,5.698458122375e-07,0.0032832616215084,Tsix,22,P.man,12,authors_clusters
-2.61212222744176,6.67664596029657,32.9867461009129,1.11960508109456e-06,0.003901954745344,Yjefn3,22,P.man,12,authors_clusters
2.76068316317087,5.77522002733107,31.7268160276148,1.12871123672086e-06,0.003901954745344,4933412L11Rik,22,P.man,12,authors_clusters
-4.80016454200379,9.5285531781259,829.499661199181,1.03830638638605e-28,1.91650592799138e-24,Xist,2,P.man,12,authors_clusters
-1.99300012555343,6.33740253649112,88.4695088291017,8.74058503042475e-12,8.066685924579e-08,Tsix,2,P.man,12,authors_clusters
1.82004366653695,5.82092997504092,39.9533678145497,1.19809984554319e-07,0.0007371508983012,Gm26699,2,P.man,12,authors_clusters
-1.30714786281838,6.53856128044184,35.5996925628997,4.94598038060004e-07,0.0022823226466278,Srrd,2,P.man,12,authors_clusters
1.05998095631229,7.00320368334112,34.4618138810795,6.75737184020949e-07,0.0024945513885317,D830024N08Rik,2,P.man,12,authors_clusters
1.89596606715159,5.41195011987997,33.187127631335,8.95161997830512e-07,0.0027538166926592,4933412L11Rik,2,P.man,12,authors_clusters
-1.81530844306096,5.70814134829633,32.311388542621,1.08260870432019e-06,0.002854684494906,Tubb2a,2,P.man,12,authors_clusters
3.69178375595947,3.88536273888354,30.5642270384461,2.22939198813702e-06,0.0051437646646291,Mastl,2,P.man,12,authors_clusters
-2.9595657154651,3.88051519399058,25.0059491271723,9.31183120163215e-06,0.0190975311466362,Jpx,2,P.man,12,authors_clusters
0.586162407249135,7.68256182215728,24.1013935975165,1.51926674114029e-05,0.0280426255079675,Sh3bgrl,2,P.man,12,authors_clusters
0.563791248725675,7.72422972371067,23.8011364251318,1.67583637345062e-05,0.0281205343465014,Srbd1,2,P.man,12,authors_clusters
0.681500423526549,7.93313729843902,22.9309394351283,2.23251748512153e-05,0.0343398397836443,Gtf2a2,2,P.man,12,authors_clusters
1.62914874469164,4.67116292313934,21.7913386490117,3.07946692114404e-05,0.0437236926388283,Gm38217,2,P.man,12,authors_clusters
-4.23005697725579,9.9051333778206,294.730018285047,1.72927242238347e-22,2.59805888738892e-18,Xist,37,P.man,12,authors_clusters
-5.53756016425206,9.79104126281846,1198.93993065875,3.85519237372955e-34,6.8279312131124e-30,Xist,17,P.man,12,authors_clusters
1.33513390397475,8.14640372818415,95.3696390704848,1.21911214675933e-12,1.07958476156273e-08,Gtf2a2,17,P.man,12,authors_clusters
-1.54590220663666,6.60528867933621,41.4793947878976,6.99812492275209e-08,0.0004131459683562,Srrd,17,P.man,12,authors_clusters
1.95544554706421,5.70253073923829,31.1994483086392,1.20078013789092e-06,0.0053167542555465,4933412L11Rik,17,P.man,12,authors_clusters
-0.794199518188678,7.44631587292842,25.1330514083203,9.01159693958178e-06,0.0319208786793866,Tsix,17,P.man,12,authors_clusters
-5.2522792065544,9.48883666069822,639.888622445284,1.60292361863129e-33,2.81521475140214e-29,Xist,21,P.man,12,authors_clusters
1.06451264255433,7.69713358446307,42.6594383027541,1.67645382337412e-08,0.0001472177924995,Gtf2a2,21,P.man,12,authors_clusters
-1.79680775187907,7.36376423946597,30.8023711324472,7.09359713081681e-07,0.0041528282136178,Nts,21,P.man,12,authors_clusters
-1.29215149099062,6.61548295361022,26.773485174536,2.8211217870254e-06,0.0112977300785636,Srrd,21,P.man,12,authors_clusters
-1.61204804903289,6.70517314979428,26.2984020786516,3.21634404104185e-06,0.0112977300785636,Tubb2a,21,P.man,12,authors_clusters
-4.85178483051543,9.96989653078787,1467.82523495889,2.3993285336538402e-60,4.44595577286057e-56,Xist,4,P.man,12,authors_clusters
-8.39756508871138,7.41242519724568,419.00681581617,8.91584214753723e-36,8.26052774969324e-32,Iglc4,4,P.man,12,authors_clusters
-9.39352547666402,7.2065831134677,387.610389393075,1.6073794799142699e-34,9.9282472542705e-31,Iglc2,4,P.man,12,authors_clusters
-8.79089523132103,6.63835660855661,285.319778173776,9.160507646154869e-30,4.24360516708125e-26,Igha,4,P.man,12,authors_clusters
1.24512194662489,8.22279441537339,95.5231494977959,4.67639070613058e-16,1.7330703956919899e-12,Gtf2a2,4,P.man,12,authors_clusters
-1.978601179289,6.22878850108836,59.4355800240574,1.11706896984203e-11,3.44988133519547e-08,Tubb2a,4,P.man,12,authors_clusters
-3.98643178323752,4.88272890209001,54.3028688426635,7.133833937288e-11,1.88842775511352e-07,Jchain,4,P.man,12,authors_clusters
1.83924189373585,6.19854927326775,48.795418722205,3.51347859875152e-10,8.1380948043582e-07,Gm26699,4,P.man,12,authors_clusters
-1.48741897917165,6.53746678778982,48.0706273916797,4.59682370953832e-10,9.46434925974946e-07,Srrd,4,P.man,12,authors_clusters
-0.855222717303649,7.83771774000416,39.8168292429818,8.38129776323644e-09,1.55305447552771e-05,Tsix,4,P.man,12,authors_clusters
1.14711749147425,6.97853806992115,39.5003700560562,9.675329912092782e-09,1.62985330246436e-05,D830024N08Rik,4,P.man,12,authors_clusters
1.78503994354096,5.25336014568389,28.4874726693679,6.1888857000818e-07,0.0009556671001876,Chdh,4,P.man,12,authors_clusters
1.79900298612204,5.25589436061816,26.9507688933154,1.1144069446029e-06,0.0015884585141147,Arl5b,4,P.man,12,authors_clusters
0.781118413847254,7.25157328947118,22.9160684902402,6.11087664314075e-06,0.0080881817283855,Tac1,4,P.man,12,authors_clusters
-2.54145231649923,4.17281924514381,20.1538427265579,1.95227157273791e-05,0.0241170614952223,Jpx,4,P.man,12,authors_clusters
-5.43540619042501,10.0925510046679,261.933203794614,1.04576011160272e-21,1.5455288689376502e-17,Xist,38,P.man,12,authors_clusters
-5.64521376114542,10.1986131872595,777.20220310752,1.9255353578911298e-57,3.4365029532282903e-53,Xist,14,P.man,12,authors_clusters
2.22022826380603,6.33802206587536,50.3781469299108,6.386503829096909e-11,5.69899669189463e-07,Gm26699,14,P.man,12,authors_clusters
1.04180442989968,9.07155682973057,47.5487360800057,1.95934774321622e-10,1.16561597243933e-06,Grid2ip,14,P.man,12,authors_clusters
1.33416322716333,6.94748347635173,35.8282366427308,1.86940944204833e-08,8.34083757805912e-05,D830024N08Rik,14,P.man,12,authors_clusters
0.937094491205298,8.08851819981194,31.3997939479811,1.15338560189838e-07,0.0004116894567416,Gtf2a2,14,P.man,12,authors_clusters
-1.4546396338658,6.3180413967322,27.7528455025002,5.34627631896151e-07,0.0015902498910751,Srrd,14,P.man,12,authors_clusters
1.39830875454035,6.14195344802761,22.6582109606278,4.85072611802316e-06,0.012367272718337,4933412L11Rik,14,P.man,12,authors_clusters
0.923119514707269,7.1478268778089,20.840787480916,1.11432146991377e-05,0.0225265789615834,Gm20754,14,P.man,12,authors_clusters
-0.756655471123794,8.08328527342787,20.8155804599994,1.13598481904102e-05,0.0225265789615834,Tsix,14,P.man,12,authors_clusters
1.06462075011876,6.62116602897541,20.2153194515102,1.48909869998185e-05,0.026575944498576,D8Ertd738e,14,P.man,12,authors_clusters
-4.96615927793432,4.21455811842209,19.5816647807143,2.04032475452757e-05,0.0331033417218669,Mcoln3,14,P.man,12,authors_clusters
0.84359421218315,7.37572616849724,18.9288878415357,2.66357125953958e-05,0.0396139635575024,Rab10,14,P.man,12,authors_clusters
1.5735418208172,6.03642890767291,18.4664243561348,3.31693062762659e-05,0.0455363545471167,Gm26543,14,P.man,12,authors_clusters
-7.08091460480558,10.1652568882328,151.597460605842,1.7299675765573199e-18,2.27300439883866e-14,Xist,50,P.man,12,authors_clusters
-5.55638340994396,9.78995775601767,1388.45291199645,4.60210159282242e-65,8.6036289277815e-61,Xist,7,P.man,12,authors_clusters
1.15567276328607,8.19809386225343,94.5134392698331,1.48201426289135e-16,1.38531283223769e-12,Gtf2a2,7,P.man,12,authors_clusters
2.29023815307723,5.80758202958087,61.8727422243828,2.47310850568375e-12,1.54115878379193e-08,4933412L11Rik,7,P.man,12,authors_clusters
-1.58687174914553,6.69936801572198,57.1740003767028,1.14199756201196e-11,5.33741110545339e-08,Srrd,7,P.man,12,authors_clusters
2.04064920481364,5.82075167673888,47.0402790173108,3.8994363669585603e-10,1.4579992576058e-06,Gm26699,7,P.man,12,authors_clusters
4.78469525835885,4.18537568885841,43.7059957617638,1.46727322853113e-09,4.57177883456491e-06,Mastl,7,P.man,12,authors_clusters
-2.34919541071548,5.3452952378115,38.6414650838782,8.70605169156936e-09,2.32513766248413e-05,Gm26538,7,P.man,12,authors_clusters
0.867647062143744,7.48484011303529,37.7403707427084,1.26277649008161e-08,2.95095081025946e-05,Sh3bgrl,7,P.man,12,authors_clusters
-1.6456956785174,6.06881024878893,33.8988350820497,5.49992024055428e-08,0.0001142455654412,Tubb2a,7,P.man,12,authors_clusters
-3.64118530398869,4.23987391861649,28.0497146689679,5.9973927573942e-07,0.0011212125759948,Fes,7,P.man,12,authors_clusters
-0.735205829540219,7.52193634390353,25.6063670815404,1.67889084837334e-06,0.0028533513100308,Vgf,7,P.man,12,authors_clusters
2.0024762889454,4.75786503272585,24.0800090070941,3.13573946617995e-06,0.0048852207766861,Chdh,7,P.man,12,authors_clusters
-3.32122072336071,4.14256316652457,21.3661832772858,1.03056465801889e-05,0.0148203125243563,Naip6,7,P.man,12,authors_clusters
0.84890046749728,6.87011229247395,21.1349240751844,1.12843033639448e-05,0.0150685750992106,D830024N08Rik,7,P.man,12,authors_clusters
-0.378012274095453,9.70651956418072,20.3273407886312,1.61885801491649e-05,0.0201763670592425,Ndufv2,7,P.man,12,authors_clusters
0.779890321315307,6.85259895613176,19.3143837659437,2.53152371266024e-05,0.0295792723801145,Hmgcs1,7,P.man,12,authors_clusters
-0.561793063235028,7.79000287205209,18.98725766968,2.91002585173789e-05,0.0303556602657705,Gng2,7,P.man,12,authors_clusters
0.661471456446309,7.24028764114416,18.9739067713299,2.92271668779818e-05,0.0303556602657705,Brap,7,P.man,12,authors_clusters
-0.455020205621692,8.69776516587144,18.3347796765713,3.93733358363104e-05,0.038741290182096,Tsix,7,P.man,12,authors_clusters
2.48628445491297,4.15972430573216,17.8599856987196,4.78286206631239e-05,0.0447078031648551,Gm45464,7,P.man,12,authors_clusters
-5.27687688640454,10.4282974950863,249.867335082758,1.84485450108494e-55,3.16595480931186e-51,Xist,12,P.man,11,authors_clusters
2.48986141752051,6.70418050719799,48.6505950003537,3.2981456796532997e-12,2.82997390042651e-08,Gm26699,12,P.man,11,authors_clusters
2.3402918863404,6.15550226059207,30.0815806453796,4.26667242079838e-08,0.000244067884711,Gm26543,12,P.man,11,authors_clusters
-2.14373012654844,6.27121119787392,28.9994510028294,7.44189619934126e-08,0.0003192759516922,Nrp2,12,P.man,11,authors_clusters
-2.22005432461519,5.98555872084485,24.9526858073148,5.99769962910747e-07,0.0019128026918634,C1ql3,12,P.man,11,authors_clusters
-5.43892397438743,4.71278091178883,24.7421455676154,6.68773157227474e-07,0.0019128026918634,Jpx,12,P.man,11,authors_clusters
-1.16899365011047,8.07097816796512,20.0107893815098,7.80519051460086e-06,0.0191349820601522,Tsix,12,P.man,11,authors_clusters
2.91434050081437,5.1830087212588,18.8033878046304,1.4665558312328e-05,0.0314594557747325,Chdh,12,P.man,11,authors_clusters
-5.14713698606822,10.8304492293107,123.599514485221,1.2447106900798499e-18,1.6157589467926502e-14,Xist,41,P.man,12,authors_clusters
-6.22781119747923,10.0398950127723,681.305902380802,3.09680962997581e-26,4.93569518825545e-22,Xist,34,P.man,12,authors_clusters
-1.20118166034605,7.82810949714309,33.7032183882566,1.46811431386499e-06,0.0116994029671901,Tsix,34,P.man,12,authors_clusters
-6.22652806652376,10.4506035782533,939.755716526057,9.9917867254101e-58,1.65983561082513e-53,Xist,28,P.man,12,authors_clusters
1.26077787508337,8.24513202454696,46.5041920010554,4.4675450558109603e-10,3.71074292335659e-06,Gtf2a2,28,P.man,12,authors_clusters
-1.22346563382846,8.3321414058554,44.9496929764193,8.13751692466543e-10,4.5060143717514e-06,Tsix,28,P.man,12,authors_clusters
-5.17975453006815,9.54489112068567,526.362933569468,2.36876142938801e-29,3.9861517333741504e-25,Xist,30,P.man,12,authors_clusters
-1.61509818531537,6.79515719578293,31.7990089894563,6.60938428658498e-07,0.0055611359387326,Srrd,30,P.man,12,authors_clusters
-1.17188772384907,7.17598474262993,24.7928754797621,7.11022618465609e-06,0.0339945504586201,Tsix,30,P.man,12,authors_clusters
0.885494519664189,8.14907227425772,24.4710348205629,8.08047313016878e-06,0.0339945504586201,Gtf2a2,30,P.man,12,authors_clusters
-6.64795446961544,9.82341030066565,918.386750983541,2.5069739098231104e-44,4.10918093559105e-40,Xist,31,P.man,12,authors_clusters
-0.744069099093927,11.0615732485024,50.0602558380762,8.375775251928221e-10,6.86436660771778e-06,Gal,31,P.man,12,authors_clusters
1.1927611409698,8.1285938065033,44.0773813424031,5.1737039774483405e-09,2.82673939647853e-05,Gtf2a2,31,P.man,12,authors_clusters
-2.72961097649927,6.46829412720942,30.6470538480365,4.47309468431386e-07,0.0018329623742647,Tubb2a,31,P.man,12,authors_clusters
-1.70177692187237,6.75098087276807,28.5109939763194,9.88688995259744e-07,0.0032411202642604,Srrd,31,P.man,12,authors_clusters
2.74958751864051,5.5990502556081,22.7504237750455,8.93209897712369e-06,0.0244010057223391,4933412L11Rik,31,P.man,12,authors_clusters
-0.748893290180492,9.16893800877118,21.3765236117812,1.64039512165399e-05,0.0384110234843294,Nts,31,P.man,12,authors_clusters
-6.14056231005351,9.97874979219859,1103.74190893613,7.68029663404045e-27,1.3044215803254298e-22,Xist,26,P.man,12,authors_clusters
-4.94260035502203,10.2154800060819,816.369496992722,7.25368213156384e-39,1.28709335742469e-34,Xist,18,P.man,12,authors_clusters
-1.13081889379352,7.65352608928434,48.834754084622,1.73663818654349e-09,1.54074539910138e-05,Tsix,18,P.man,12,authors_clusters
2.15282615399486,5.42699185405044,32.1942861526352,3.33601710101829e-07,0.0019731429146822,Chdh,18,P.man,12,authors_clusters
1.78573125827384,5.8640860969271,29.0361809804558,9.94066278099057e-07,0.0044096780096474,Gm26699,18,P.man,12,authors_clusters
-0.868536862869642,7.3755658701894,26.4904452515683,2.55270578856024e-06,0.0090590423024425,Mest,18,P.man,12,authors_clusters
0.711769473595046,8.24774976041282,24.6687115390662,5.20051523322522e-06,0.0153796570497247,Gtf2a2,18,P.man,12,authors_clusters
-0.530044241037978,9.32570064256381,22.2173188232541,1.32617188433272e-05,0.0336165627365712,Arhgap21,18,P.man,12,authors_clusters
-1.2057273729207,6.35773962923278,21.7558098223494,1.54042467192107e-05,0.0341666192232093,Srrd,18,P.man,12,authors_clusters
-4.59681052964071,9.61250267965569,250.539522060672,1.68947090203447e-47,2.7153176337497996e-43,Xist,36,P.man,12,authors_clusters
1.94083180939187,6.96622934919179,26.6625091174478,3.28993835556547e-07,0.0026437944625324,Lmo3,36,P.man,12,authors_clusters
-6.70566601225621,9.97580654829722,1128.50990224433,2.35722398289074e-51,3.89979135729445e-47,Xist,25,P.man,12,authors_clusters
1.07724931731339,8.21004011941203,40.1348522695421,1.11539372155256e-08,9.22653686468279e-05,Gtf2a2,25,P.man,12,authors_clusters
-1.87013336230045,6.66609338848768,26.9510726158145,1.37997953551101e-06,0.0076101271451647,Tubb2a,25,P.man,12,authors_clusters
-1.74220169102424,6.66030927226453,25.223848195914,2.84364351246522e-06,0.0117613095675561,Srrd,25,P.man,12,authors_clusters
2.28871098405255,5.78835771684674,21.3240753171217,1.39480816740441e-05,0.0461514126430771,Arl5b,25,P.man,12,authors_clusters
-4.81034205450959,10.0875216933864,188.110531096171,2.42341134758968e-42,3.66225922847752e-38,Xist,39,P.man,12,authors_clusters
-5.86351484510858,10.192145539656,992.530876898359,6.32448002186264e-48,1.1372047527311199e-43,Xist,10,P.man,11,authors_clusters
-2.83930420333481,6.98605794432008,162.380294960815,3.59117126207563e-21,3.22864252316909e-17,Tsix,10,P.man,11,authors_clusters
2.21037444458405,6.2626623177024,74.3114653856966,3.57493156008372e-13,2.14269481272885e-09,Gm26699,10,P.man,11,authors_clusters
-1.47585339787916,6.59656444029714,40.4732188430008,1.06478189492428e-08,4.78646081315835e-05,Srrd,10,P.man,11,authors_clusters
0.867334499110091,8.06799406341663,37.3177042024642,3.24838501795904e-08,0.0001168184220158,Gtf2a2,10,P.man,11,authors_clusters
0.786934705414804,9.77953800376229,36.4995999151423,4.37068632803546e-08,0.000130982184774,Grid2ip,10,P.man,11,authors_clusters
-2.03622149970054,5.72047183931376,32.8337066947983,1.5217519809799e-07,0.0003470708677976,Tubb2a,10,P.man,11,authors_clusters
1.41358460934675,6.27004713744983,32.9103070655769,1.54416714441972e-07,0.0003470708677976,D830024N08Rik,10,P.man,11,authors_clusters
-1.45972600169144,6.14537714000006,31.9946865082749,2.13317148082047e-07,0.0004261839599625,Pacsin2,10,P.man,11,authors_clusters
-5.46660732779869,4.2282427327175,31.9574149955437,2.5191294400124e-07,0.0004529646646086,Jpx,10,P.man,11,authors_clusters
0.733864173996459,8.09740956266561,25.0711178816325,3.13655201343266e-06,0.0051271219775938,Mir99ahg,10,P.man,11,authors_clusters
1.49111762910802,5.83173347480408,24.0206477264223,4.68925977528036e-06,0.0070264650016096,Rcsd1,10,P.man,11,authors_clusters
0.827029557633695,7.37737714312477,23.255617912504,6.40127981494135e-06,0.0088539547963431,Col4a4,10,P.man,11,authors_clusters
-0.835719879266779,7.18220315866988,22.9629870535726,7.31717563436917e-06,0.0093978667915422,Gm32647,10,P.man,11,authors_clusters
-3.65616638456385,4.29677624946448,22.6782258902325,8.12051262327077e-06,0.0097343291652687,Naip6,10,P.man,11,authors_clusters
-7.95621867935984,9.55312202892716,98.5278556392478,4.33450051378675e-23,5.7601177327712105e-19,Xist,48,P.man,12,authors_clusters
-6.36816109729575,10.8035776498512,102.11090747875,7.256760284010691e-24,9.38879645545303e-20,Xist,46,P.man,12,authors_clusters
-5.45746605777938,9.77193488849793,161.543468086151,4.31222328881461e-19,6.065142055717751e-15,Xist,47,P.man,11,authors_clusters
-4.41613092997353,9.59602163906124,669.419160195473,4.14707659315327e-41,7.76249796706429e-37,Xist,3,P.man,12,authors_clusters
-1.65397825431407,6.63827910517087,73.4361272047355,4.99263723204871e-13,4.67260918547439e-09,Srrd,3,P.man,12,authors_clusters
0.899973204541304,8.01581379576426,65.567673540766,4.7034996879493894e-12,2.93467023863455e-08,Gtf2a2,3,P.man,12,authors_clusters
-2.36572072296213,6.45113065774495,62.4682520225063,9.25586099650748e-12,4.33128015331568e-08,Tubb2a,3,P.man,12,authors_clusters
-0.85400340844206,8.43110478021455,57.1259639160608,5.52777753616011e-11,2.0693787984369e-07,Tac1,3,P.man,12,authors_clusters
2.22993975501372,5.39086310300836,53.1246435810032,1.89823291061658e-10,5.92185393682018e-07,4933412L11Rik,3,P.man,12,authors_clusters
-0.695293324214341,7.62442930227479,28.2133953032658,9.20818887488885e-07,0.0024622697051452,Tsix,3,P.man,12,authors_clusters
2.4123265388024,4.11792908951282,27.8465232878825,1.05486024176194e-06,0.0024681092506625,Lcp1,3,P.man,12,authors_clusters
3.90681903641872,3.50207641698192,27.1652744835981,1.4134888132254e-06,0.0029397426228836,Mastl,3,P.man,12,authors_clusters
-1.08458729648409,5.88688831530271,22.1640723206484,1.00616371129743e-05,0.0188333723480654,Tspan33,3,P.man,12,authors_clusters
-1.57147770142394,5.15059419813941,21.6354134134205,1.23969320039838e-05,0.0210950702955062,Gm26538,3,P.man,12,authors_clusters
1.81537659828542,4.27285365696668,20.1982817414648,2.24834050951915e-05,0.0350703647143162,Chdh,3,P.man,12,authors_clusters
-0.796690893854967,6.67375438451162,19.3007896012927,3.33803640478351e-05,0.0480625887882598,Ecel1,3,P.man,12,authors_clusters
-3.25602362839026,3.85578119858473,19.0615113507206,3.69202556228301e-05,0.0493623817677238,Naip6,3,P.man,12,authors_clusters
-6.109811627924,9.59441236149797,140.983180460065,2.35547119701029e-18,3.23264867077692e-14,Xist,49,P.man,11,authors_clusters
-7.28643610738,9.9977016635582,3293.20672308275,8.03489697622663e-64,1.5550739607789002e-59,Xist,0,P.man,12,authors_clusters
1.33334659142622,8.38021786309491,138.810993352986,8.30074127366526e-19,8.03262733052588e-15,Gtf2a2,0,P.man,12,authors_clusters
-2.50206565981694,5.85376829950724,116.464433294698,4.45230707144948e-17,2.87233170202778e-13,Tubb2a,0,P.man,12,authors_clusters
-1.53588225867995,6.34005650713541,70.9705542810682,1.6120736842709399e-12,7.80001852134496e-09,Srrd,0,P.man,12,authors_clusters
1.91506619729741,6.40805878870301,58.8645673082114,4.3202227024233396e-11,1.67227180365403e-07,Gm26699,0,P.man,12,authors_clusters
3.33779512249864,4.46948390853278,41.5041323366618,8.957048115818e-09,2.88924515389236e-05,Mastl,0,P.man,12,authors_clusters
-2.93671142893977,4.03437868730507,40.8104723212546,1.05958661765957e-08,2.92960562831191e-05,Jpx,0,P.man,12,authors_clusters
1.07504260510985,7.23495550383136,40.6437247110125,1.27530383259259e-08,3.08527879699962e-05,D830024N08Rik,0,P.man,12,authors_clusters
1.70164045392164,5.51415521278921,35.2440516978117,8.18789080182954e-08,0.0001760760428651,Arl5b,0,P.man,12,authors_clusters
-1.81098208096509,4.87425955053022,32.8634236184256,1.93767426495873e-07,0.0003750174772401,Gm26538,0,P.man,12,authors_clusters
-0.626323309826131,7.93660419796491,30.8933460085084,3.77734349101823e-07,0.0006646064175015,Tsix,0,P.man,12,authors_clusters
0.613845560214418,7.97271606414847,29.6453402731391,6.13578866314543e-07,0.0009896004482209,Sh3bgrl,0,P.man,12,authors_clusters
3.51842363163111,4.00927757044996,27.8470741175384,1.25354199906603e-06,0.0017460263837232,Gm38217,0,P.man,12,authors_clusters
1.75664663463404,5.16936519654215,27.6700840807263,1.2630138148251e-06,0.0017460263837232,Chdh,0,P.man,12,authors_clusters
-1.14125646556907,6.33459958784454,26.4017715303193,2.04542936953153e-06,0.0026391493345275,AC147615.2,0,P.man,12,authors_clusters
-1.68803696134041,5.723271205354,22.5293619666822,9.72655097519222e-06,0.0117654792233669,Gnrh1,0,P.man,12,authors_clusters
1.05663932489661,6.37962517918687,21.1922106189986,1.67226350490886e-05,0.0190382281611801,4933412L11Rik,0,P.man,12,authors_clusters
0.787001588103221,6.57208716239475,20.5614869196673,2.07733707532285e-05,0.0223359898643325,Tmem237,0,P.man,12,authors_clusters
0.87174862834997,6.37670705378366,19.7627205289684,2.9082026037191e-05,0.0296238701012523,Mcl1,0,P.man,12,authors_clusters
0.838886514217312,6.36624046635778,19.1541880901869,3.7310298888079e-05,0.0361051762339941,Abcf1,0,P.man,12,authors_clusters
0.71325772006764,6.81647928577696,18.9026598067642,4.19036454929365e-05,0.0386191978509663,Nsun6,0,P.man,12,authors_clusters
-4.64966230487301,9.56729479292525,306.867305944886,1.84793748423306e-20,3.00677908059562e-16,Xist,33,P.man,12,authors_clusters
-4.81124096871022,10.1255287971522,1083.12132472533,4.423176537794959e-77,8.00594953340889e-73,Xist,19,P.man,12,authors_clusters
1.32577816429307,8.26959907436693,98.563907776709,1.0624008692320399e-18,9.61472786654992e-15,Gtf2a2,19,P.man,12,authors_clusters
-3.39757645280707,5.22989208402187,36.8420093724816,7.64926889699175e-09,4.61505890118502e-05,Jpx,19,P.man,12,authors_clusters
-1.71506334992415,6.52161384563367,32.2746245332341,5.49126883468653e-08,0.0002484799147695,Tubb2a,19,P.man,12,authors_clusters
-1.39136477394604,6.60269978766936,30.0771363440762,1.42490952332542e-07,0.0004942342154445,Srrd,19,P.man,12,authors_clusters
2.14935107047879,5.50628440741073,29.7752527664413,1.63834546556194e-07,0.0004942342154445,4933412L11Rik,19,P.man,12,authors_clusters
-2.60658728036314,5.44653020182051,28.7096840222116,2.62534845487254e-07,0.0006788401004741,Gm26538,19,P.man,12,authors_clusters
-0.710287129532858,8.36208041408961,26.4516984114975,7.15631926054182e-07,0.0016191172326975,Zmynd8,19,P.man,12,authors_clusters
-0.680549978839378,8.33326527075092,25.5529578903772,1.07647832566057e-06,0.0021649175216062,Tsix,19,P.man,12,authors_clusters
-0.640016891304445,9.47907406691778,19.8883806334517,1.46374181340362e-05,0.0264937268226054,Tac1,19,P.man,12,authors_clusters
1.64659095559001,5.57008924314564,18.9455394292929,2.28366861105062e-05,0.0352750329588745,Ebf1,19,P.man,12,authors_clusters
2.76431080341196,4.5005206157417,18.8917534395486,2.3465282300779e-05,0.0352750329588745,Zfp35,19,P.man,12,authors_clusters
-1.35285279551557,6.0987693574736,18.7215804986944,2.53356590312358e-05,0.0352750329588745,AC107763.1,19,P.man,12,authors_clusters
-6.17945455961356,10.9309686147076,76.4912023628537,2.6568515821746597e-18,3.3872200821144804e-14,Xist,51,P.man,9,authors_clusters
-4.68163631149431,10.3128348527592,235.435767229009,2.0950963238011203e-52,3.0546504401020397e-48,Xist,45,P.man,12,authors_clusters
-4.81128851382763,9.60557718303353,852.379767892096,1.51387496534503e-74,2.71649723781512e-70,Xist,11,P.man,12,authors_clusters
1.0203264948334,8.05267271096875,48.4374706535519,4.6311948430989695e-11,3.38968075097034e-07,Gtf2a2,11,P.man,12,authors_clusters
-1.6440619549442,6.44225601049979,47.956856449622,5.6670988926164894e-11,3.38968075097034e-07,Srrd,11,P.man,12,authors_clusters
1.97729567444439,5.83718704403593,40.1485447155772,1.4917399190764701e-09,6.69194527697706e-06,4933412L11Rik,11,P.man,12,authors_clusters
-0.920992501807525,7.42739878601272,29.9509582209542,1.2989120234664e-07,0.0004661535469816,Tsix,11,P.man,12,authors_clusters
-1.49134620813268,6.23278580594572,27.6607494199916,3.66052409558588e-07,0.0009582363505181,Tubb2a,11,P.man,12,authors_clusters
2.31959742694564,4.97414960583028,27.6036482033101,3.73810435445095e-07,0.0009582363505181,Chdh,11,P.man,12,authors_clusters
1.8669784598598,5.00511779506145,21.7184406290566,5.74384372448989e-06,0.0128834414740308,Gm20342,11,P.man,12,authors_clusters
1.520585236834,5.6285437320128,20.9941712783525,8.06574889383359e-06,0.0160813109056611,Gm26699,11,P.man,12,authors_clusters
-0.555785939734775,9.0111938775311,19.7179985918495,1.47386935815717e-05,0.0264471117627723,Penk,11,P.man,12,authors_clusters
3.0621064841718,4.20607994061833,19.3018865849274,1.7956657293126e-05,0.0292922053152593,Gm38217,11,P.man,12,authors_clusters
-1.33436528738851,5.66186481122937,19.0096694671791,2.06620498770891e-05,0.0308966519162072,AC107763.1,11,P.man,12,authors_clusters
1.83547041794496,4.99307804270118,18.6492151233299,2.4478011889948e-05,0.0337871881040944,Zfp663,11,P.man,12,authors_clusters
-6.61973630129795,10.1147239187102,1045.71297982549,2.2134786998911003e-152,3.97518639713443e-148,Xist,6,P.man,12,authors_clusters
2.6112817731488,6.83482248297347,79.1554006291591,3.13557973258652e-18,2.8155938208760603e-14,Gm26699,6,P.man,12,authors_clusters
1.05036658194307,8.32770610816032,36.6298361086979,2.1017126085383103e-09,1.25815522455799e-05,Gtf2a2,6,P.man,12,authors_clusters
-1.12875895863051,7.61655808875311,34.3015975802681,6.635930329169211e-09,2.97936681953875e-05,Tsix,6,P.man,12,authors_clusters
0.93271063826321,8.69328213399923,30.0453720740046,5.49772161119112e-08,0.0001550678898603,Grid2ip,6,P.man,12,authors_clusters
-1.12228248510993,7.48297543124895,30.0418451582169,5.50677005344639e-08,0.0001550678898603,Nts,6,P.man,12,authors_clusters
1.39409753247405,6.92423247224497,29.8538753362888,6.04418524985991e-08,0.0001550678898603,D830024N08Rik,6,P.man,12,authors_clusters
-1.26690952591085,6.73018759649322,24.999764512197,6.90422694661211e-07,0.0015499126466775,Foxp2,6,P.man,12,authors_clusters
-1.19313616744842,6.74368165536713,23.3796459583527,1.56607848828673e-06,0.0031250226190157,Stk38,6,P.man,12,authors_clusters
-1.23159752154591,6.53284979517061,21.7269744918197,3.62339820053169e-06,0.0065072608283348,Srrd,6,P.man,12,authors_clusters
-1.0881938637521,6.80904888696207,18.8444521068019,1.58083705108147e-05,0.0258093205457929,AC147615.2,6,P.man,12,authors_clusters
1.55858495144789,5.83031314028017,17.9839643164358,2.45990865989922e-05,0.0367477324080736,Ccdc84,6,P.man,12,authors_clusters
0.810790243345567,7.91900401744071,17.8325005188752,2.66006192608139e-05,0.0367477324080736,Peg10,6,P.man,12,authors_clusters
-0.748627124446625,8.06361565429375,17.5873000249157,3.01833112549835e-05,0.038718720487732,Bcl11a,6,P.man,12,authors_clusters
-5.57275630838325,10.2409251828833,87.504381564834,1.06781695018694e-20,1.79820374411481e-16,Xist,24,P.man,8,authors_clusters
-3.29501112386042,6.97240634717451,53.7044391155172,2.55358830979601e-13,2.1501213568482403e-09,Tsix,24,P.man,8,authors_clusters
2.89674139279529,6.60486679319703,42.2091028558521,8.68383698243753e-11,4.87452715947493e-07,Gm26699,24,P.man,8,authors_clusters
2.28914054620197,7.32404060545677,34.6181116364858,4.17033316368755e-09,1.75571026191246e-05,D830024N08Rik,24,P.man,8,authors_clusters
-2.13418758212964,6.97306024173014,26.9244080970504,2.16676889776613e-07,0.0007297677647676,Srrd,24,P.man,8,authors_clusters
-5.72117391540322,9.68652557903225,418.721308365571,8.654317170117731e-91,1.41723097977848e-86,Xist,32,P.man,10,authors_clusters
-2.57446936204333,6.90712380795211,49.8137506487921,1.82934644179026e-12,1.49786886653787e-08,Srrd,32,P.man,10,authors_clusters
-2.02957437410324,6.51364797543468,20.315449931739,6.65859070657486e-06,0.0363470271369566,Tubb2a,32,P.man,10,authors_clusters
-7.1806429252782,10.3382943305235,1353.50900722285,6.15487694132501e-38,1.05309944466071e-33,Xist,20,P.pol,12,authors_clusters
-3.81601536727995,8.07175028272358,182.951456757526,1.92909746040383e-18,1.6503428773754702e-14,Gm28040,20,P.pol,12,authors_clusters
-1.57411126446332,7.98109091373716,77.1968621220238,2.8807742381227796e-11,1.64300157380936e-07,Tsix,20,P.pol,12,authors_clusters
-1.35577791132491,8.71088054331609,36.0346706454696,3.24037358936053e-07,0.0013860698028489,Nfic,20,P.pol,12,authors_clusters
-5.90834050276599,9.60712637412364,614.663883198242,7.80726657500885e-26,1.27789339299745e-21,Xist,27,P.pol,12,authors_clusters
-5.12999766772188,9.10378831259395,179.151220420688,1.9830998974837797e-40,3.55807783606539e-36,Xist,8,P.pol,9,authors_clusters
3.44553749091011,6.4038937503113,44.0040636569765,3.4863696069337004e-11,3.12762217438023e-07,Foxn2,8,P.pol,9,authors_clusters
-1.42979810337986,8.55511138359904,23.5110314926687,1.26502319807052e-06,0.0075656820732604,Tac2,8,P.pol,9,authors_clusters
-6.25706878189275,9.56890333840723,1788.95931660642,2.97959691645343e-39,5.517319610196831e-35,Xist,5,P.pol,12,authors_clusters
1.00275236790344,7.59850618709316,51.2699598532048,4.810779192948121e-09,4.45405991579102e-05,Nrip1,5,P.pol,12,authors_clusters
-3.15931834449947,4.37421688440332,41.4533142723646,3.64078908490874e-08,0.0002247216382841,Jpx,5,P.pol,12,authors_clusters
0.462369761456434,10.134525494279,36.1262137922431,2.63850344339516e-07,0.0012214292065337,Nrxn3,5,P.pol,12,authors_clusters
0.356726370839317,13.7877334492511,31.5996719657885,1.01635667913699e-06,0.0031550971033797,Snhg11,5,P.pol,12,authors_clusters
-0.986599552557847,6.83375508053283,31.5921338825958,1.02233529298907e-06,0.0031550971033797,Col11a1,5,P.pol,12,authors_clusters
0.609466642579263,8.29004154364063,30.0244458009745,1.6576826318009e-06,0.0042595802909287,Ecel1,5,P.pol,12,authors_clusters
0.472864822137621,9.74322861740663,29.6911322818265,1.84028958942754e-06,0.0042595802909287,Lrp1b,5,P.pol,12,authors_clusters
-1.09958651586737,8.78432519123086,27.2809794167516,3.98615198450454e-06,0.00820128625523,Nfic,5,P.pol,12,authors_clusters
0.623111588912234,8.14279038505551,26.6268910162744,4.94114867923503e-06,0.0091495250093395,Dlgap1,5,P.pol,12,authors_clusters
-1.5151840060927,5.99519121362609,26.0078857965611,5.97349252101765e-06,0.0094898340953144,Gm34066,5,P.pol,12,authors_clusters
-0.57384627826345,8.82831048528749,25.9205489522696,6.24081021346178e-06,0.0094898340953144,C130073E24Rik,5,P.pol,12,authors_clusters
0.730921507982273,7.41932299854952,25.7313962124312,6.66240985251866e-06,0.0094898340953144,Elmo1,5,P.pol,12,authors_clusters
0.718030923129139,7.43781198131467,24.3761728524388,1.05136114925309e-05,0.013905753143371,Sgcd,5,P.pol,12,authors_clusters
-0.593544049478355,9.00341701485804,22.8959136200831,1.74899503392339e-05,0.0215907606954396,Gal,5,P.pol,12,authors_clusters
0.759606185590449,7.18388344180776,22.2653636629773,2.18635578180945e-05,0.0238964695515102,Dync2h1,5,P.pol,12,authors_clusters
1.5903487789567,5.3195094628296,21.976073686359,2.21575217080755e-05,0.0238964695515102,Hexim2,5,P.pol,12,authors_clusters
1.0233183980904,6.60623789965967,22.0814469123324,2.32292732044707e-05,0.0238964695515102,Col25a1,5,P.pol,12,authors_clusters
2.10327786244106,4.40323937539962,20.4152163547607,3.78615711683968e-05,0.0368990901750107,C1ql2,5,P.pol,12,authors_clusters
1.43301979135855,5.11722114847895,20.3439613563016,4.08095618092286e-05,0.0377835328010743,Arhgap1,5,P.pol,12,authors_clusters
-0.334387924471009,10.3527155486724,20.3067638225263,4.39850351406182e-05,0.0387843283666108,Epha5,5,P.pol,12,authors_clusters
-6.32042391880582,9.76163956130856,1427.70104663891,5.93716971081952e-39,1.03544239756692e-34,Xist,9,P.pol,12,authors_clusters
3.36047692015857,7.77926555308225,179.206214460344,1.76775303691619e-18,1.54148064819092e-14,Dcn,9,P.pol,12,authors_clusters
-1.31555862989264,9.55839540170303,151.340153640303,8.764928540650641e-17,5.09534512496491e-13,Sst,9,P.pol,12,authors_clusters
1.23132747645826,8.79893740695667,89.0172311427952,1.03515134240722e-12,4.51325985289549e-09,Cck,9,P.pol,12,authors_clusters
1.77571985215259,7.3979357752109,66.5989210636454,8.82157177059335e-11,3.07696423358296e-07,Ecel1,9,P.pol,12,authors_clusters
-1.16004538401377,7.56186816865428,52.5353853426742,2.38403705007409e-09,6.92960102554869e-06,Tsix,9,P.pol,12,authors_clusters
0.555101111234195,13.492414860075,48.0057919053566,7.53610882053486e-09,1.87756768328754e-05,Snhg11,9,P.pol,12,authors_clusters
-0.989546758374381,7.80673167832821,38.4331445210213,1.04954262881471e-07,0.0002288002930816,Crhbp,9,P.pol,12,authors_clusters
0.906572329540017,7.96692787238009,31.1442531097145,9.6018370541403e-07,0.0018606226469356,Brinp2,9,P.pol,12,authors_clusters
-1.52630131012374,5.99294151946581,25.8127024404368,5.40046885823341e-06,0.009418417688759,Npy,9,P.pol,12,authors_clusters
-1.22192235613687,8.12759367337025,25.420024294286,6.35721036072231e-06,0.0100790680628179,Nfic,9,P.pol,12,authors_clusters
-7.61609538759696,10.4031305929947,295.615310714146,4.50291038036559e-20,6.20546079518182e-16,Xist,40,P.pol,12,authors_clusters
-1.19216868967809,15.3360328367367,46.1439341027856,2.44849401731258e-08,0.0001687134802629,Oxt,40,P.pol,12,authors_clusters
-2.96691439644497,8.29791530218771,37.1811317353655,1.75346623464277e-07,0.0008054839393204,Tsix,40,P.pol,12,authors_clusters
-6.89062741473616,10.6219024209795,1528.32405310865,2.71180307431871e-39,4.5802353925242997e-35,Xist,15,P.pol,12,authors_clusters
-5.71778268877915,8.10521248473236,170.669998541089,6.06426641398247e-17,5.121272986608199e-13,Gnrh1,15,P.pol,12,authors_clusters
-2.25020515248773,7.96716269607828,144.41220472306,5.14793863893504e-16,2.89828945372043e-12,Tsix,15,P.pol,12,authors_clusters
0.577977765516494,12.5810766630547,43.5438283014889,3.34289708015907e-08,0.0001411538292097,Snhg11,15,P.pol,12,authors_clusters
-3.52494751643025,5.3442118105604,41.2865216111356,5.75211563623303e-08,0.0001943064661919,Jpx,15,P.pol,12,authors_clusters
-1.2993235489629,8.52289245699051,38.0505733399811,1.50448536334697e-07,0.0004235126297821,Nfic,15,P.pol,12,authors_clusters
0.766122146786192,8.65250024146035,23.8440778622821,1.25154905375598e-05,0.0301980907399121,Pde10a,15,P.pol,12,authors_clusters
0.711516627959415,9.03121311757234,22.5211627285188,1.98271875721444e-05,0.0402672008242147,Cck,15,P.pol,12,authors_clusters
-0.611106124365475,9.80641993500473,22.2981767473271,2.14567677571304e-05,0.0402672008242147,Ptgds,15,P.pol,12,authors_clusters
-5.16513433674959,9.99239880666752,610.515932172373,4.50818077759029e-27,7.866775456895061e-23,Xist,16,P.pol,12,authors_clusters
-6.95675357444584,9.37677673186845,143.131924750313,4.10643254285765e-18,5.68987293138356e-14,Xist,44,P.pol,12,authors_clusters
-1.38548935500626,10.281359296826,24.0478399421008,6.05818773727861e-06,0.0419711246438662,Penk,44,P.pol,12,authors_clusters
-5.48343500306524,10.1170030119854,639.103098538016,4.7332331227227697e-26,7.859060276968889e-22,Xist,23,P.pol,12,authors_clusters
-1.41654035943878,7.69699781235293,48.2334363037119,2.71655039684589e-08,0.0002255280139461,Tsix,23,P.pol,12,authors_clusters
-5.92781677687965,9.35399781330347,460.976597303479,1.63067797096745e-99,2.65898349945952e-95,Xist,13,P.pol,12,authors_clusters
-6.33033900568413,6.3511551270351,59.2858584594513,1.52375105859648e-14,1.24231423807371e-10,Npvf,13,P.pol,12,authors_clusters
-5.36239279391476,9.60408726896414,282.525912170974,1.2793736244672398e-22,2.00388290800303e-18,Xist,35,P.pol,12,authors_clusters
-5.85793397374152,10.3191906992475,489.272800666141,5.24300914966515e-23,8.02075539715775e-19,Xist,29,P.pol,12,authors_clusters
-1.32665889228243,8.12439226207536,30.6721255456034,4.37104542952828e-06,0.0334341264904618,Tsix,29,P.pol,12,authors_clusters
-5.59209850976896,9.39253669143035,1689.50749954883,8.57004240761467e-38,1.62170912479292e-33,Xist,1,P.pol,12,authors_clusters
1.39291128597604,6.99615293399763,33.4861601235365,6.07930241752869e-07,0.0057519319823447,Gm43320,1,P.pol,12,authors_clusters
-0.627340112016569,8.27919153043859,29.4398405987336,2.10176392527778e-06,0.0132572262526772,Nosip,1,P.pol,12,authors_clusters
-0.599974929334612,7.61430874657052,25.4240764723754,7.69488763731272e-06,0.0322131909112523,Tsix,1,P.pol,12,authors_clusters
-0.923953758459101,8.83273358157637,25.1211728351186,8.51165008488409e-06,0.0322131909112523,Nfic,1,P.pol,12,authors_clusters
-3.04730321521502,4.06438402082017,23.7996988500026,1.09274599450498e-05,0.0344633874233628,Jpx,1,P.pol,12,authors_clusters
-5.349632748744,9.35871243721325,653.364249065372,2.18170427925844e-28,3.68358950509996e-24,Xist,22,P.pol,12,authors_clusters
-1.73377209113261,6.94664203731184,51.0967701487389,8.1913107553474e-09,6.91510453966427e-05,Tsix,22,P.pol,12,authors_clusters
1.12776559967418,8.77907691084339,26.8510877848819,5.92391559094366e-06,0.0333397969458309,Npy,22,P.pol,12,authors_clusters
-5.99208745032349,9.33010083978474,1784.09825872972,5.4679546122201e-39,1.01922673971783e-34,Xist,2,P.pol,12,authors_clusters
-3.26015720217924,5.85819498682538,138.091533348103,8.32368489450603e-16,7.75767432167962e-12,Tsix,2,P.pol,12,authors_clusters
-4.19920975534831,3.84785305510057,44.0655900014883,3.09405789355066e-08,0.0001922441304526,Jpx,2,P.pol,12,authors_clusters
0.316602683526049,13.67120361228,27.078367536524,4.35771550256345e-06,0.0203069542419457,Snhg11,2,P.pol,12,authors_clusters
2.09085100890664,4.83782058302347,24.4428044319353,8.72342519145149e-06,0.0306503488544988,Gnrh1,2,P.pol,12,authors_clusters
-0.670876590717214,7.13070488181894,24.6196839870131,9.86599212054684e-06,0.0306503488544988,Insig1,2,P.pol,12,authors_clusters
-5.14718992458674,9.50523846418095,249.154364637525,2.6562433357155997e-19,3.87838089447835e-15,Xist,37,P.pol,12,authors_clusters
-6.53599330874078,9.50995133098225,1006.71780517993,1.83263514499459e-33,3.1513993953327e-29,Xist,17,P.pol,12,authors_clusters
-1.84264263720693,6.93901783949981,56.2535852617812,2.23993969973999e-09,1.92590015383644e-05,Tsix,17,P.pol,12,authors_clusters
-6.44256249107072,9.29906268465724,836.889194653757,9.82804192884994e-35,1.66870323909943e-30,Xist,21,P.pol,12,authors_clusters
-3.35167049555611,6.60716906659303,93.3330836681122,1.17052634850932e-12,9.937183435669891e-09,Vip,21,P.pol,12,authors_clusters
1.53710659214286,6.85080039211056,27.0819493202718,3.54318714993612e-06,0.0200532582062552,Gm43320,21,P.pol,12,authors_clusters
-5.3767274147875,9.77937163618714,1721.9541224149,1.3801705137907099e-40,2.5502790753824697e-36,Xist,4,P.pol,12,authors_clusters
-0.935774079681549,7.54229920067231,50.2891882004371,4.18756044696108e-09,3.86888709694734e-05,Tsix,4,P.pol,12,authors_clusters
0.691702279298829,8.00835095180891,31.3021340029053,9.10779114967239e-07,0.0056097921621215,Tmod2,4,P.pol,12,authors_clusters
-5.85163883344275,10.0046542978155,508.727783667058,9.78766436973655e-24,1.4545448019865502e-19,Xist,38,P.pol,12,authors_clusters
0.702519584145198,11.9659619783884,47.5592126338599,7.49385320668611e-08,0.0005568307625228,Snhg11,38,P.pol,12,authors_clusters
-5.51281696190119,10.0172061190879,849.947491798267,1.0817382521716101e-35,1.8967198513576997e-31,Xist,14,P.pol,12,authors_clusters
-0.835513925444864,8.10413736210637,26.5588730382766,3.56421524331554e-06,0.0312474750381474,Tsix,14,P.pol,12,authors_clusters
-6.17174768482336,9.90766300145165,106.615379930369,7.69027258135771e-25,1.02134510153012e-20,Xist,50,P.pol,12,authors_clusters
-5.81922416758455,9.5147175294055,1229.54765509906,1.97540127582966e-37,3.5472280710073196e-33,Xist,7,P.pol,12,authors_clusters
-5.46428168533232,10.4526405138331,675.047973103336,3.25843371816831e-142,5.730933223514429e-138,Xist,12,P.pol,12,authors_clusters
-1.14648810036454,8.06588024837286,36.6584665623058,1.4796290325694701e-09,1.30118577124159e-05,Tsix,12,P.pol,12,authors_clusters
-7.47062882851556,10.948471634237,200.633665054606,5.18795550115116e-45,7.38090429148776e-41,Xist,41,P.pol,12,authors_clusters
-2.59491862620933,8.50438806422174,28.4348678372018,9.950501834064e-08,0.0007078289479661,Tsix,41,P.pol,12,authors_clusters
-1.61235378208178,10.5447020384411,24.0645138350064,9.49676464566467e-07,0.0045036823537957,Ptgds,41,P.pol,12,authors_clusters
-4.77059727978261,10.2107512882069,412.326915678189,3.59397285878877e-22,5.4110855361923696e-18,Xist,34,P.pol,12,authors_clusters
-1.57807277551304,7.82730082505436,28.6643558848204,3.97581190966256e-06,0.0299299120559398,Tsix,34,P.pol,12,authors_clusters
-6.71222692331855,10.1209426500992,855.138547405579,5.3089271516957195e-55,8.79423782678396e-51,Xist,28,P.pol,12,authors_clusters
-1.37554472317184,7.87075261329724,38.5323616724065,1.01324819454968e-08,8.39222817135777e-05,Tsix,28,P.pol,12,authors_clusters
-0.913276681915843,8.48489230662948,25.2673847401601,1.98500287168484e-06,0.0109605241898198,Nosip,28,P.pol,12,authors_clusters
-4.89624198148971,9.22728892213498,272.035617224231,9.522367474581421e-23,1.5892831315076399e-18,Xist,30,P.pol,12,authors_clusters
-5.72830772599959,9.69779542180922,493.791034330176,1.90636662539485e-32,3.0236881045387697e-28,Xist,31,P.pol,12,authors_clusters
-1.42364911038479,8.92559248408981,40.1167330966525,3.12550174189872e-08,0.0002478679156412,Nfic,31,P.pol,12,authors_clusters
-4.80217526372418,9.92641015219373,588.593065772725,8.44207115568311e-23,1.40324106749765e-18,Xist,26,P.pol,12,authors_clusters
-3.3429663768134,6.63379628942934,30.5670479103428,5.41870703737905e-06,0.0450348741876573,Gnrh1,26,P.pol,12,authors_clusters
-6.25726009620821,10.1666388010412,1122.76279871032,2.5537385093000498e-33,4.41234939636862e-29,Xist,18,P.pol,12,authors_clusters
-1.19089481837013,7.54806115678576,48.7666783857023,1.40553388269297e-08,0.0001214240721258,Tsix,18,P.pol,12,authors_clusters
-5.16279713695345,4.59461717951866,28.6688172378554,4.52836923518155e-06,0.0260803878818223,Col9a2,18,P.pol,12,authors_clusters
-6.25341223637142,9.32123740024185,326.505021937498,2.1292831567683102e-25,3.31380337687852e-21,Xist,36,P.pol,12,authors_clusters
5.90360178808232,6.54509140780722,56.7693169228181,9.67201039576956e-10,7.52627488946808e-06,Ebf1,36,P.pol,12,authors_clusters
-1.93408985206901,7.12526820886243,27.3590275502265,2.46936780045254e-06,0.0128102570261476,Tsix,36,P.pol,12,authors_clusters
-5.18012252169175,9.96010936467184,402.021367899304,3.35852399504507e-23,5.37901203046419e-19,Xist,25,P.pol,11,authors_clusters
-0.901551708638452,10.0897441259253,50.8741590065598,1.32929147778127e-08,0.0001064496615407,Ptgds,25,P.pol,11,authors_clusters
-1.50330612819509,8.32117248350926,36.3814918921898,4.06489286831908e-07,0.0021701108059666,Nfic,25,P.pol,11,authors_clusters
-0.951759658726606,8.32923983724537,26.0598865611633,8.77663591429812e-06,0.0351416502008497,Tsix,25,P.pol,11,authors_clusters
-6.50775455656148,9.9597272243146,135.409916935264,4.72655352124035e-31,6.57274532663683e-27,Xist,39,P.pol,11,authors_clusters
-2.60829679834206,8.43428792395589,20.3968751059017,6.38188892832738e-06,0.0443732737186603,Vip,39,P.pol,11,authors_clusters
-5.78421730715889,10.1141613676531,939.761196748057,4.61538085418192e-47,8.16091642636447e-43,Xist,10,P.pol,12,authors_clusters
-3.17645953519214,6.88459171692915,146.003846694167,4.8326749290464e-20,4.27256790476992e-16,Tsix,10,P.pol,12,authors_clusters
-2.86819248848451,5.30397406416691,36.0520554846663,4.60571695722406e-08,0.0002589913410721,Col9a2,10,P.pol,12,authors_clusters
3.47081179363838,4.62769768294417,35.5574921516305,6.72267973618899e-08,0.0002589913410721,Acta2,10,P.pol,12,authors_clusters
4.2146280930829,4.4190091506622,35.341576861304,7.32358729420153e-08,0.0002589913410721,Tagln,10,P.pol,12,authors_clusters
-3.34452868223446,4.59774093682326,28.9986575650726,6.27646660582483e-07,0.0018496747087365,Jpx,10,P.pol,12,authors_clusters
0.527758719517946,13.3572959033396,24.2992319169907,4.16217017374046e-06,0.0105136418588684,Snhg11,10,P.pol,12,authors_clusters
1.11249498234139,9.15051192132585,22.6598185562458,8.0803204200027e-06,0.017859528208311,Gm43320,10,P.pol,12,authors_clusters
-7.71767279577379,9.41997468916521,72.4464037182948,2.0236924026156e-17,2.67896400258254e-13,Xist,48,P.pol,11,authors_clusters
-6.74873880087505,10.6551876188129,258.526260990589,6.904839525155981e-25,9.27043754647442e-21,Xist,46,P.pol,12,authors_clusters
-5.67808243516055,9.69910971853191,107.643202248647,4.60886438666985e-25,6.25837695065899e-21,Xist,47,P.pol,12,authors_clusters
-4.93394435474993,9.25550200709075,1189.67335911918,2.32602088527762e-38,4.323375019465509e-34,Xist,3,P.pol,12,authors_clusters
-0.851383485130328,8.24512674358976,55.5703280313562,7.83898775869156e-10,7.28516327354e-06,Nosip,3,P.pol,12,authors_clusters
-0.937801894235014,7.22145158482484,37.5199763779783,1.10027893482485e-07,0.000602161795765,Tsix,3,P.pol,12,authors_clusters
-1.15812759902422,8.46080722498727,36.972347392841,1.29587732450646e-07,0.000602161795765,Nfic,3,P.pol,12,authors_clusters
-2.99594078484314,3.92579573326455,24.821360868115,6.39955559350881e-06,0.0237897079633097,Jpx,3,P.pol,12,authors_clusters
-2.80033604369964,9.22239917643721,47.9843370653248,4.81927248101548e-09,6.82119826962931e-05,Xist,49,P.pol,11,authors_clusters
-6.27464425901882,9.80021729145917,2055.83699847591,5.11834503981831e-46,9.543154326741239e-42,Xist,0,P.pol,12,authors_clusters
-0.895804676831673,7.81078937117891,51.0292521330533,2.3751147233075102e-09,2.21420070080342e-05,Tsix,0,P.pol,12,authors_clusters
-1.06785301335436,8.02327302677643,38.5324075148818,7.85959794564081e-08,0.0004884740123215,Dctn1,0,P.pol,12,authors_clusters
1.50168309100798,6.09884823114298,35.5419216974609,1.73279889226469e-07,0.0008077008836568,Gm43888,0,P.pol,12,authors_clusters
0.27723298312454,13.72141663971,26.715833247642,3.49710168537667e-06,0.0130406921847696,Snhg11,0,P.pol,12,authors_clusters
-0.897343062391715,6.59424574806758,22.58221492905,1.49995455123612e-05,0.0466110876796625,Agpat1,0,P.pol,12,authors_clusters
0.419479552987256,9.3850511503698,22.0886255045642,1.83013149655415e-05,0.048746859647503,Lrp1b,0,P.pol,12,authors_clusters
-7.49771475174422,9.42926185035297,547.866945039063,7.791770719818979e-28,1.28159044799583e-23,Xist,33,P.pol,12,authors_clusters
-5.0845767486365,9.92680504974135,924.271737299852,1.01810205493184e-35,1.7735337796912602e-31,Xist,19,P.pol,12,authors_clusters
-1.4369669342234,8.757861719604,45.2780989770049,1.24720096260284e-08,0.0001086312038427,Nfic,19,P.pol,12,authors_clusters
-0.649394243569519,9.44222531382145,32.5732476200268,4.84800689957346e-07,0.0028150760063523,Ptgds,19,P.pol,12,authors_clusters
-0.846518795457758,8.08440843994245,29.5308072525421,1.42883931058432e-06,0.0056247582620426,Tsix,19,P.pol,12,authors_clusters
-0.742687288669959,8.44038971297281,29.1389490793775,1.61445415098813e-06,0.0056247582620426,Nosip,19,P.pol,12,authors_clusters
-5.61520146147417,10.6752227806565,84.1992516659521,5.581786708749861e-20,6.87843576119246e-16,Xist,51,P.pol,11,authors_clusters
-6.41759769871152,10.0216802025828,150.862832836853,2.2604721137369397e-34,3.19969827699463e-30,Xist,45,P.pol,12,authors_clusters
-5.52813587967737,9.48192606565799,911.72410245592,1.62697194568207e-33,2.91162899399263e-29,Xist,11,P.pol,12,authors_clusters
-1.13329735351513,7.25606507499312,45.4766205555552,1.83307463388229e-08,0.0001640235182397,Tsix,11,P.pol,12,authors_clusters
-1.19306344940343,8.5932349408155,29.6726751054022,1.7459178217125e-06,0.0104149817791223,Nfic,11,P.pol,12,authors_clusters
-4.53304596938688,10.540756199647,39.238593657414,3.94081304724737e-10,5.50098093265261e-06,Xist,43,P.pol,12,authors_clusters
-6.06107841008822,10.1337691137265,1444.2065130584,2.94769490132884e-42,5.28374311063195e-38,Xist,6,P.pol,12,authors_clusters
-1.98473986007714,7.57906707767407,109.944663000437,8.12695210961414e-15,7.28378082824167e-11,Tsix,6,P.pol,12,authors_clusters
-5.31214033401086,4.48366851975978,32.4492615036805,6.14879019927113e-07,0.0036739021440645,Jpx,6,P.pol,12,authors_clusters
-6.85050876758438,10.4237912824906,371.757736303463,4.8826218666079695e-81,8.037772116810039e-77,Xist,24,P.pol,9,authors_clusters
-4.41317955437744,6.80407204805371,80.5495422818572,3.47289290635252e-19,2.85853815121876e-15,Tsix,24,P.pol,9,authors_clusters
-1.81108338316901,6.93299414863212,25.0619229543906,5.66838898529385e-07,0.0031104339825302,Crh,24,P.pol,9,authors_clusters
-1.69048934762869,6.80237723917335,22.8697160878901,1.76408263700066e-06,0.0072600820925762,Col9a2,24,P.pol,9,authors_clusters
-5.30093554445811,5.16108629937232,21.3888013096302,3.80745472188949e-06,0.012535663926349,Jpx,24,P.pol,9,authors_clusters
-8.06997109996829,10.4489034936547,168.583259379418,3.60635916207268e-38,5.17296158207705e-34,Xist,42,P.pol,7,authors_clusters
-4.07928564084406,7.76049122986524,27.4425760043989,1.65882525545971e-07,0.0011897094732157,Tsix,42,P.pol,7,authors_clusters
-5.75633469025558,9.41975137316962,414.452561244834,2.8900439774806097e-34,4.6758021511658694e-30,Xist,32,P.pol,12,authors_clusters
-1.27133805300612,8.79521865655444,34.0992458909932,1.07296371942139e-07,0.0008679740008259,Nfic,32,P.pol,12,authors_clusters
-1.15919113266953,7.96179991403756,24.6939257420095,3.77946373153624e-06,0.0203826479041749,Tsix,32,P.pol,12,authors_clusters
